Time,avg,max,min
2013-03-10 00:00:00 UTC,49.3197206254385,50.35,46.5315738
2013-03-11 00:00:00 UTC,49.85541506127,51.357,46.92
2013-03-12 00:00:00 UTC,46.654544558444,51.918,41.31
2013-03-13 00:00:00 UTC,48.5117542927566,50.085,44.9616
2013-03-14 00:00:00 UTC,48.0738555584285,50.8164,46.0231
2013-03-15 00:00:00 UTC,47.1140961528166,47.44989,46.4
2013-03-16 00:00:00 UTC,46.8770453138926,47.35,46.1
2013-03-17 00:00:00 UTC,47.4238582675227,47.73999,47.1
2013-03-18 00:00:00 UTC,48.1505351680125,52.82192229,47.18
2013-03-19 00:00:00 UTC,54.6953674233873,60.94574833,49.76035283
2013-03-20 00:00:00 UTC,61.1915544839324,65.98889022,57.70201
2013-03-21 00:00:00 UTC,68.3855567037231,74.56213022,63.70002
2013-03-22 00:00:00 UTC,71.6449588959837,73.7,65.0
2013-03-23 00:00:00 UTC,65.332713282402,70.36001,52.75
2013-03-24 00:00:00 UTC,68.010505071667,72.53,63.11706
2013-03-25 00:00:00 UTC,73.3772588307574,81.49,69.6034
2013-03-26 00:00:00 UTC,77.0506796265983,79.72243627,73.1
2013-03-27 00:00:00 UTC,85.2315008281239,89.6,78.15928514
2013-03-28 00:00:00 UTC,90.927761713895,95.01011025,75.51
2013-03-29 00:00:00 UTC,89.8757402557305,93.2,83.9
2013-03-30 00:00:00 UTC,91.4075810147086,94.49998,88.0
2013-03-31 00:00:00 UTC,92.8916023556277,93.74901,91.0
2013-04-01 00:00:00 UTC,98.0154233305205,105.9,92.49999
2013-04-02 00:00:00 UTC,107.291989078073,118.3867,99.0
2013-04-03 00:00:00 UTC,129.313467994331,146.88,101.51088
2013-04-04 00:00:00 UTC,132.407588831021,143.0,119.0
2013-04-05 00:00:00 UTC,138.204308408437,145.0,128.25
2013-04-06 00:00:00 UTC,142.357423556541,144.0,139.0
2013-04-07 00:00:00 UTC,152.093642857042,164.75,142.75
2013-04-08 00:00:00 UTC,181.196238019666,194.57,163.2
2013-04-09 00:00:00 UTC,210.161619852493,249.97,186.8
2013-04-10 00:00:00 UTC,220.166609694028,290.0,19.9
2013-04-11 00:00:00 UTC,138.040730504915,205.0,1.06
2013-04-12 00:00:00 UTC,89.6091853600295,157.0,51.0
2013-04-13 00:00:00 UTC,109.540867119305,130.0,81.12
2013-04-14 00:00:00 UTC,98.8562943124792,109.0,20.0
2013-04-15 00:00:00 UTC,93.3134557430569,104.0,71.497
2013-04-16 00:00:00 UTC,66.0701887940646,84.48,0.01
2013-04-17 00:00:00 UTC,83.0508999183888,98.9,63.5
2013-04-18 00:00:00 UTC,94.53981712794,114.0,87.0
2013-04-19 00:00:00 UTC,118.89658482633,142.0,104.56
2013-04-20 00:00:00 UTC,121.322973625489,132.0,114.9
2013-04-21 00:00:00 UTC,122.991233376896,130.0,110.0
2013-04-22 00:00:00 UTC,123.005175106107,127.3,119.615
2013-04-23 00:00:00 UTC,132.034485902445,144.47,124.859
2013-04-24 00:00:00 UTC,150.539485072331,166.99,140.9
2013-04-25 00:00:00 UTC,152.154245086111,169.13,120.03
2013-04-26 00:00:00 UTC,134.197181134872,143.985,13.0
2013-04-27 00:00:00 UTC,133.646769829164,147.51,121.46
2013-04-28 00:00:00 UTC,132.918821322401,136.99,128.02
2013-04-29 00:00:00 UTC,139.856935442643,148.5,113.42
2013-04-30 00:00:00 UTC,142.140482284642,146.6752,133.89
2013-05-01 00:00:00 UTC,127.973696141625,140.02,105.0
2013-05-02 00:00:00 UTC,111.438919044287,127.18,90.414
2013-05-03 00:00:00 UTC,93.5624676780742,108.21,80.0
2013-05-04 00:00:00 UTC,104.667657660189,115.959,93.356
2013-05-05 00:00:00 UTC,114.148282347153,126.0,100.0
2013-05-06 00:00:00 UTC,118.78780301748,124.3,106.0
2013-05-07 00:00:00 UTC,107.921134578325,113.44,98.0
2013-05-08 00:00:00 UTC,112.922573121847,116.98,108.5
2013-05-09 00:00:00 UTC,111.757008475078,113.5,108.23
2013-05-10 00:00:00 UTC,116.499351083666,122.5,111.4
2013-05-11 00:00:00 UTC,116.02306357399,118.9,112.72
2013-05-12 00:00:00 UTC,115.223810026351,118.0,113.0
2013-05-13 00:00:00 UTC,116.574873918665,118.97,114.07
2013-05-14 00:00:00 UTC,117.397903690103,119.85,105.2
2013-05-15 00:00:00 UTC,110.448314157196,117.0,103.45
2013-05-16 00:00:00 UTC,112.340821870784,115.2,108.2
2013-05-17 00:00:00 UTC,115.560769977125,122.0,112.35
2013-05-18 00:00:00 UTC,117.455282015234,118.98,115.81001
2013-05-19 00:00:00 UTC,118.102648881155,120.99,115.61
2013-05-20 00:00:00 UTC,118.079144803587,118.94,116.0
2013-05-21 00:00:00 UTC,117.743894858869,118.6,116.9
2013-05-22 00:00:00 UTC,118.240483546702,120.0,117.0
2013-05-23 00:00:00 UTC,120.472129674379,124.25,118.41
2013-05-24 00:00:00 UTC,125.738894865045,130.0,122.4
2013-05-25 00:00:00 UTC,128.556189788979,129.73,125.1
2013-05-26 00:00:00 UTC,129.44485468642,133.0,128.0
2013-05-27 00:00:00 UTC,129.208343861696,130.59,123.0
2013-05-28 00:00:00 UTC,125.760200953861,127.0,123.0
2013-05-29 00:00:00 UTC,127.547414180449,140.68,125.67
2013-05-30 00:00:00 UTC,128.945357090568,131.0,124.15
2013-05-31 00:00:00 UTC,127.634445815657,129.1,125.06
2013-06-01 00:00:00 UTC,128.231892307895,129.0,127.0
2013-06-02 00:00:00 UTC,123.925471975696,132.65,117.0
2013-06-03 00:00:00 UTC,120.302516379962,132.87,117.0
2013-06-04 00:00:00 UTC,121.383341805935,123.99,116.42
2013-06-05 00:00:00 UTC,120.587801908565,122.37,119.6
2013-06-06 00:00:00 UTC,120.147625854885,121.33,118.0
2013-06-07 00:00:00 UTC,114.380922644438,119.0,107.0
2013-06-08 00:00:00 UTC,109.704614050035,112.5,108.45
2013-06-09 00:00:00 UTC,99.8831654020002,110.0,89.9
2013-06-10 00:00:00 UTC,102.793097285353,108.0,93.0
2013-06-11 00:00:00 UTC,106.043965204379,108.03,103.4
2013-06-12 00:00:00 UTC,107.797546262529,119.0,105.0
2013-06-13 00:00:00 UTC,106.663410772545,109.14,95.0
2013-06-14 00:00:00 UTC,100.183575733674,107.36,97.0
2013-06-15 00:00:00 UTC,99.656595124434,104.0,96.22
2013-06-16 00:00:00 UTC,99.9095189699763,101.1,98.66
2013-06-17 00:00:00 UTC,99.8960314889503,101.01,98.3
2013-06-18 00:00:00 UTC,103.890688389336,108.5,99.99
2013-06-19 00:00:00 UTC,105.241928454122,107.5,102.99
2013-06-20 00:00:00 UTC,105.971067082214,108.0,102.38
2013-06-21 00:00:00 UTC,101.726861918885,105.0,91.0
2013-06-22 00:00:00 UTC,100.539110664601,102.4,98.49
2013-06-23 00:00:00 UTC,100.265296040249,101.5,98.6
2013-06-24 00:00:00 UTC,99.0878366523565,102.13,95.38
2013-06-25 00:00:00 UTC,99.4346540709718,100.9,97.5
2013-06-26 00:00:00 UTC,98.5634335376029,100.0,96.99
2013-06-27 00:00:00 UTC,97.8342808956566,98.72,96.31
2013-06-28 00:00:00 UTC,91.9188216589334,96.52,88.01
2013-06-29 00:00:00 UTC,89.6740998523654,91.6,86.15
2013-06-30 00:00:00 UTC,89.1413502874566,90.25,88.26
2013-07-01 00:00:00 UTC,87.6059023031833,91.56,1.0
2013-07-02 00:00:00 UTC,86.0475298958966,88.5,83.24
2013-07-03 00:00:00 UTC,84.5168753316067,89.56,75.0
2013-07-04 00:00:00 UTC,77.8806845025049,82.0,70.04
2013-07-05 00:00:00 UTC,72.8762592739739,79.4,64.0
2013-07-06 00:00:00 UTC,66.9102926921663,73.26,62.94
2013-07-07 00:00:00 UTC,67.1939907680351,74.07786,64.89
2013-07-08 00:00:00 UTC,73.9708641984084,77.0,70.0
2013-07-09 00:00:00 UTC,73.6930720229951,76.01,70.47
2013-07-10 00:00:00 UTC,77.5721953652268,87.0,74.83
2013-07-11 00:00:00 UTC,86.0761836084084,89.23,84.0
2013-07-12 00:00:00 UTC,92.1341041528648,101.39,86.64
2013-07-13 00:00:00 UTC,89.3311449313741,91.95,85.0
2013-07-14 00:00:00 UTC,91.8052692154589,93.0,88.88
2013-07-15 00:00:00 UTC,92.0946838155441,99.83,82.45
2013-07-16 00:00:00 UTC,92.6374783256491,94.0,84.7
2013-07-17 00:00:00 UTC,91.2814756853471,92.8,89.22
2013-07-18 00:00:00 UTC,84.2748210842253,91.23,77.0
2013-07-19 00:00:00 UTC,84.7100521469077,87.1,83.4
2013-07-20 00:00:00 UTC,86.3389873435792,87.2,84.27
2013-07-21 00:00:00 UTC,85.3119456786975,86.4,84.0
2013-07-22 00:00:00 UTC,86.1067961880214,87.1,83.99
2013-07-23 00:00:00 UTC,86.5337179328368,88.67,82.99
2013-07-24 00:00:00 UTC,87.5169704341163,95.68,86.46
2013-07-25 00:00:00 UTC,89.1524761664665,91.99899,87.15
2013-07-26 00:00:00 UTC,90.1952790601521,91.72,89.2
2013-07-27 00:00:00 UTC,88.9460390311321,90.11,87.8
2013-07-28 00:00:00 UTC,89.7098446189933,94.0,87.92
2013-07-29 00:00:00 UTC,92.7045552045187,93.73,90.54
2013-07-30 00:00:00 UTC,94.1216183608107,97.11,92.7
2013-07-31 00:00:00 UTC,98.7842607982546,101.03,95.1
2013-08-01 00:00:00 UTC,97.3434682249253,98.50297,95.21
2013-08-02 00:00:00 UTC,96.9155923554621,98.7,93.75
2013-08-03 00:00:00 UTC,96.0800340865824,97.23,94.67
2013-08-04 00:00:00 UTC,96.1791999972218,96.7,95.5
2013-08-05 00:00:00 UTC,97.4546660681433,98.91,96.21
2013-08-06 00:00:00 UTC,98.0193544055399,98.9,97.0
2013-08-07 00:00:00 UTC,97.6291679937902,98.3,95.5
2013-08-08 00:00:00 UTC,95.4456021649021,97.17,91.4
2013-08-09 00:00:00 UTC,93.3987632930495,95.51,89.51
2013-08-10 00:00:00 UTC,93.130257627214,94.0,92.14
2013-08-11 00:00:00 UTC,93.8081722446193,94.52,93.2
2013-08-12 00:00:00 UTC,94.1568091962166,96.24,93.31
2013-08-13 00:00:00 UTC,95.9583843708058,98.2,94.23
2013-08-14 00:00:00 UTC,98.8819082688184,101.0,97.36828
2013-08-15 00:00:00 UTC,98.6795569303967,100.01,96.24
2013-08-16 00:00:00 UTC,97.9479430281929,99.0,96.53
2013-08-17 00:00:00 UTC,98.5312961958411,99.7,97.5
2013-08-18 00:00:00 UTC,99.0937662571766,100.0,98.42
2013-08-19 00:00:00 UTC,101.764286956421,105.0,98.82
2013-08-20 00:00:00 UTC,103.687445296802,104.94,100.48
2013-08-21 00:00:00 UTC,107.691451571697,114.45,104.57
2013-08-22 00:00:00 UTC,111.30783776925,113.01,107.99
2013-08-23 00:00:00 UTC,108.068349727176,110.0,104.3
2013-08-24 00:00:00 UTC,108.182859491134,110.6,106.61
2013-08-25 00:00:00 UTC,111.175668532248,114.76,109.16
2013-08-26 00:00:00 UTC,112.243708608467,113.9,110.0
2013-08-27 00:00:00 UTC,116.780385231916,119.0,111.77
2013-08-28 00:00:00 UTC,118.394518156629,119.76,116.0
2013-08-29 00:00:00 UTC,118.507199277231,121.0,117.29
2013-08-30 00:00:00 UTC,121.391956289418,126.3,118.05
2013-08-31 00:00:00 UTC,128.10849639912,134.94,123.75
2013-09-01 00:00:00 UTC,130.25026335783,132.0,126.81
2013-09-02 00:00:00 UTC,130.560411694178,132.05,128.0
2013-09-03 00:00:00 UTC,129.621316189745,131.0,126.9
2013-09-04 00:00:00 UTC,127.452667167311,130.0,115.0
2013-09-05 00:00:00 UTC,121.473995483873,127.99,115.81
2013-09-06 00:00:00 UTC,121.394108613518,124.75,115.0
2013-09-07 00:00:00 UTC,118.667884607135,121.10889,115.5
2013-09-08 00:00:00 UTC,118.793819898854,120.84,116.77
2013-09-09 00:00:00 UTC,119.068624447899,124.0,115.98561
2013-09-10 00:00:00 UTC,122.567240248876,124.24,120.07
2013-09-11 00:00:00 UTC,122.905777585502,127.64,118.39
2013-09-12 00:00:00 UTC,126.562104423621,128.5,123.0
2013-09-13 00:00:00 UTC,127.478331080173,129.11,124.82
2013-09-14 00:00:00 UTC,126.057899338943,127.98,122.53
2013-09-15 00:00:00 UTC,124.650389468707,126.35,123.15
2013-09-16 00:00:00 UTC,125.769666293875,126.84,124.0
2013-09-17 00:00:00 UTC,126.689382420847,127.74,125.32
2013-09-18 00:00:00 UTC,127.309241138809,128.41,125.78
2013-09-19 00:00:00 UTC,125.965033181227,127.63,123.39
2013-09-20 00:00:00 UTC,123.906098571103,126.01,121.5
2013-09-21 00:00:00 UTC,123.268157174051,124.02,122.0
2013-09-22 00:00:00 UTC,123.04167007913,123.59,122.22
2013-09-23 00:00:00 UTC,123.133098042957,124.09,122.0
2013-09-24 00:00:00 UTC,122.831218627675,124.19,121.89
2013-09-25 00:00:00 UTC,124.266061652949,125.22,123.35
2013-09-26 00:00:00 UTC,124.216071858192,125.02,123.3
2013-09-27 00:00:00 UTC,125.641640792815,126.86,124.1
2013-09-28 00:00:00 UTC,126.34862237652,127.0,124.8
2013-09-29 00:00:00 UTC,127.437046823706,128.8,126.0
2013-09-30 00:00:00 UTC,126.133282910521,127.51,123.76
2013-10-01 00:00:00 UTC,126.997906536688,127.9399,125.81
2013-10-02 00:00:00 UTC,121.042132382286,128.5,83.26
2013-10-03 00:00:00 UTC,111.732604315947,118.74,101.66
2013-10-04 00:00:00 UTC,120.74012578518,123.25,117.41
2013-10-05 00:00:00 UTC,121.621009792565,125.0,115.0
2013-10-06 00:00:00 UTC,121.862915523867,122.5,121.01
2013-10-07 00:00:00 UTC,123.179975739667,124.45,120.8
2013-10-08 00:00:00 UTC,123.68669163702,125.16,122.02
2013-10-09 00:00:00 UTC,125.24704557577,127.99,123.36
2013-10-10 00:00:00 UTC,125.948795384226,126.79,125.0
2013-10-11 00:00:00 UTC,126.698415439884,127.4,125.54
2013-10-12 00:00:00 UTC,127.349393626763,127.96,126.65
2013-10-13 00:00:00 UTC,129.20284378059,133.23,127.55
2013-10-14 00:00:00 UTC,135.107749458683,139.99,132.0
2013-10-15 00:00:00 UTC,137.194463863789,150.0,134.09
2013-10-16 00:00:00 UTC,143.441108588508,147.0,137.21
2013-10-17 00:00:00 UTC,141.626385941564,144.98,133.99
2013-10-18 00:00:00 UTC,147.520555987847,155.25,143.0
2013-10-19 00:00:00 UTC,161.707460263467,178.5,151.5
2013-10-20 00:00:00 UTC,165.429545836657,168.875,162.31
2013-10-21 00:00:00 UTC,174.334255223449,183.0,166.0
2013-10-22 00:00:00 UTC,189.497392016527,215.0,179.1
2013-10-23 00:00:00 UTC,196.397516945822,212.89,187.0
2013-10-24 00:00:00 UTC,193.473588479838,210.995,155.81
2013-10-25 00:00:00 UTC,181.785356586374,195.13,167.75
2013-10-26 00:00:00 UTC,181.82547309966,190.0,175.21
2013-10-27 00:00:00 UTC,185.896650638006,198.75,179.1
2013-10-28 00:00:00 UTC,195.624647797409,199.0,192.15
2013-10-29 00:00:00 UTC,198.817683192263,205.0,195.37
2013-10-30 00:00:00 UTC,202.20509013755,206.0,195.05
2013-10-31 00:00:00 UTC,200.524175069884,204.0,195.28
2013-11-01 00:00:00 UTC,202.556512982704,204.0,200.5
2013-11-02 00:00:00 UTC,203.750575764303,262.0,0.1
2013-11-03 00:00:00 UTC,206.81036750282,219.89,203.0
2013-11-04 00:00:00 UTC,218.775892290692,230.5,211.0
2013-11-05 00:00:00 UTC,235.980707178587,250.75,225.44
2013-11-06 00:00:00 UTC,255.470980128764,265.0,240.6
2013-11-07 00:00:00 UTC,282.429699034532,297.79,262.0
2013-11-08 00:00:00 UTC,314.314670605723,334.95,288.89
2013-11-09 00:00:00 UTC,341.601173663032,386.0,297.0
2013-11-10 00:00:00 UTC,304.241169571107,340.0,265.11
2013-11-11 00:00:00 UTC,332.357483106463,357.95,311.56
2013-11-12 00:00:00 UTC,352.277168546687,400.0,340.0
2013-11-13 00:00:00 UTC,380.965948536942,414.73,355.45
2013-11-14 00:00:00 UTC,411.489566771727,423.5,392.8
2013-11-15 00:00:00 UTC,420.377165481516,439.94,388.011
2013-11-16 00:00:00 UTC,430.751639501882,448.95,410.0
2013-11-17 00:00:00 UTC,465.056383160574,499.99,434.53
2013-11-18 00:00:00 UTC,573.937047946634,775.0,490.11
2013-11-19 00:00:00 UTC,642.918130784493,909.0,360.0
2013-11-20 00:00:00 UTC,545.722052600093,630.0,450.01
2013-11-21 00:00:00 UTC,659.638140333462,745.0,589.9
2013-11-22 00:00:00 UTC,749.937786295292,839.77,682.32
2013-11-23 00:00:00 UTC,843.351071654739,886.876543,775.0
2013-11-24 00:00:00 UTC,817.630733279819,860.0,745.0
2013-11-25 00:00:00 UTC,815.888464303594,844.579,768.0
2013-11-26 00:00:00 UTC,851.467182156151,960.0,800.0
2013-11-27 00:00:00 UTC,931.358713970256,969.99,894.0
2013-11-28 00:00:00 UTC,988.196282836317,1050.34,945.0
2013-11-29 00:00:00 UTC,1058.74534970424,1142.0,999.12
2013-11-30 00:00:00 UTC,1137.30278904011,1171.25,1090.0
2013-12-01 00:00:00 UTC,1016.60137854305,1126.0,780.0
2013-12-02 00:00:00 UTC,1013.23854205344,1059.0,936.0
2013-12-03 00:00:00 UTC,1046.64063115289,1089.88,1000.0
2013-12-04 00:00:00 UTC,1092.78547437146,1175.0,1051.0
2013-12-05 00:00:00 UTC,1043.77262768142,1141.0,848.42
2013-12-06 00:00:00 UTC,943.031737010634,1032.04,790.0
2013-12-07 00:00:00 UTC,724.999783492209,842.23,538.0
2013-12-08 00:00:00 UTC,729.368454147781,790.39,650.0
2013-12-09 00:00:00 UTC,864.017928939273,901.0,767.21
2013-12-10 00:00:00 UTC,937.992893951534,992.0,895.0
2013-12-11 00:00:00 UTC,907.569586307512,990.0,804.26
2013-12-12 00:00:00 UTC,864.088517489237,893.97,838.0
2013-12-13 00:00:00 UTC,882.352464322743,923.71,850.02
2013-12-14 00:00:00 UTC,861.790123672939,888.8970413,840.0
2013-12-15 00:00:00 UTC,841.332820846425,871.8845,805.0
2013-12-16 00:00:00 UTC,788.61330283924,864.0,650.9088
2013-12-17 00:00:00 UTC,686.473554732359,751.0,613.0
2013-12-18 00:00:00 UTC,561.959531783605,679.038754,381.51
2013-12-19 00:00:00 UTC,616.036477121908,700.0,491.0
2013-12-20 00:00:00 UTC,671.299880497161,721.0,570.0
2013-12-21 00:00:00 UTC,605.840293097001,649.0,568.0
2013-12-22 00:00:00 UTC,625.053013345134,674.39,574.0123
2013-12-23 00:00:00 UTC,635.260872281058,669.0,608.01
2013-12-24 00:00:00 UTC,650.206758416168,670.0,627.0
2013-12-25 00:00:00 UTC,656.28404464624,681.0,635.0
2013-12-26 00:00:00 UTC,716.063313911558,764.0,677.0
2013-12-27 00:00:00 UTC,727.618325760979,763.0,704.0123
2013-12-28 00:00:00 UTC,721.232333464758,740.01,690.0
2013-12-29 00:00:00 UTC,714.460507229064,732.0,700.0123
2013-12-30 00:00:00 UTC,732.957330192807,740.62618,724.73
2013-12-31 00:00:00 UTC,727.850795213048,740.0,710.02
2014-01-01 00:00:00 UTC,745.202611495252,757.0,730.24
2014-01-02 00:00:00 UTC,757.784859182434,800.0,742.52
2014-01-03 00:00:00 UTC,795.5278639615,818.99,768.0
2014-01-04 00:00:00 UTC,810.883446641865,830.4,791.04
2014-01-05 00:00:00 UTC,865.413849599169,939.8,825.0
2014-01-06 00:00:00 UTC,937.543945009983,995.0,875.181
2014-01-07 00:00:00 UTC,885.640843228827,943.15,781.0
2014-01-08 00:00:00 UTC,814.465727033248,849.0,765.0
2014-01-09 00:00:00 UTC,821.11024896053,846.35,779.99
2014-01-10 00:00:00 UTC,823.764986336124,860.64,799.98
2014-01-11 00:00:00 UTC,878.402469385186,915.0,848.0
2014-01-12 00:00:00 UTC,864.828994078094,906.0,824.45143
2014-01-13 00:00:00 UTC,818.041574289617,844.68,784.0
2014-01-14 00:00:00 UTC,822.710360196882,836.99,802.3
2014-01-15 00:00:00 UTC,834.429525421907,850.25,811.25
2014-01-16 00:00:00 UTC,833.150868559247,847.68,812.48
2014-01-17 00:00:00 UTC,800.556349986748,820.22,765.03
2014-01-18 00:00:00 UTC,807.25835074994,820.0,794.93
2014-01-19 00:00:00 UTC,814.892588095081,842.0,794.41
2014-01-20 00:00:00 UTC,832.279635242311,844.99,815.01
2014-01-21 00:00:00 UTC,821.802772226849,834.17,813.6
2014-01-22 00:00:00 UTC,816.85891344533,826.5,803.1
2014-01-23 00:00:00 UTC,814.238667457726,823.0,802.52
2014-01-24 00:00:00 UTC,788.059707469751,812.7689,767.23
2014-01-25 00:00:00 UTC,795.122178081254,817.0,774.38
2014-01-26 00:00:00 UTC,812.11014096404,836.7318,794.64
2014-01-27 00:00:00 UTC,800.037862209942,824.9999,726.5
2014-01-28 00:00:00 UTC,778.395799634539,814.5,741.214
2014-01-29 00:00:00 UTC,793.645034455033,805.0,781.4417
2014-01-30 00:00:00 UTC,791.280993501696,812.65489,770.0
2014-01-31 00:00:00 UTC,802.284624007205,809.6746,793.0
2014-02-01 00:00:00 UTC,811.445992892516,829.0,801.0
2014-02-02 00:00:00 UTC,818.453925945212,827.2,811.0
2014-02-03 00:00:00 UTC,808.951571936101,815.2,798.5
2014-02-04 00:00:00 UTC,804.895224203563,814.4,795.2
2014-02-05 00:00:00 UTC,801.069103147218,807.48,777.85
2014-02-06 00:00:00 UTC,780.100828844554,829.0,678.03
2014-02-07 00:00:00 UTC,719.665098350595,764.0,620.0
2014-02-08 00:00:00 UTC,705.591991967012,723.97,667.0
2014-02-09 00:00:00 UTC,693.570628926853,728.89934978,666.53
2014-02-10 00:00:00 UTC,665.018276589415,703.0,100.0
2014-02-11 00:00:00 UTC,688.496935554705,721.35,631.2
2014-02-12 00:00:00 UTC,662.240141105236,684.9,642.0
2014-02-13 00:00:00 UTC,642.296676072268,658.9899,603.43
2014-02-14 00:00:00 UTC,631.03991933452,710.0,535.0
2014-02-15 00:00:00 UTC,652.142610136397,670.99,633.3
2014-02-16 00:00:00 UTC,638.537388958217,670.9999,585.0
2014-02-17 00:00:00 UTC,633.464700581237,664.0,611.0
2014-02-18 00:00:00 UTC,631.08933590954,651.3,611.304999
2014-02-19 00:00:00 UTC,625.922338998153,636.85,617.89
2014-02-20 00:00:00 UTC,599.351276258299,629.0,561.0
2014-02-21 00:00:00 UTC,567.705496604458,588.48969696,530.0
2014-02-22 00:00:00 UTC,583.423127969976,619.0,562.0
2014-02-23 00:00:00 UTC,620.346248623187,644.93,601.0
2014-02-24 00:00:00 UTC,571.9620987476,614.89,531.1
2014-02-25 00:00:00 UTC,497.792581108061,549.0,400.0
2014-02-26 00:00:00 UTC,574.314087125648,609.0,526.7501
2014-02-27 00:00:00 UTC,583.455377073632,601.2,568.75
2014-02-28 00:00:00 UTC,570.727276550034,591.18,545.0
2014-03-01 00:00:00 UTC,562.764904479951,577.25,540.2044
2014-03-02 00:00:00 UTC,564.253088307393,572.24,555.161
2014-03-03 00:00:00 UTC,609.538168852578,719.25,563.0
2014-03-04 00:00:00 UTC,678.911083521032,703.85,658.5
2014-03-05 00:00:00 UTC,665.145492140871,678.9999,651.21
2014-03-06 00:00:00 UTC,665.349422459391,676.43,648.7
2014-03-07 00:00:00 UTC,643.703831820721,669.0,616.23
2014-03-08 00:00:00 UTC,620.834459487142,639.999,600.6
2014-03-09 00:00:00 UTC,629.274442916945,654.999,610.25
2014-03-10 00:00:00 UTC,630.479010089408,648.3,606.0
2014-03-11 00:00:00 UTC,626.445594150329,641.9999,615.31
2014-03-12 00:00:00 UTC,638.632082946666,654.0,631.0
2014-03-13 00:00:00 UTC,642.00531813953,648.0,634.5001
2014-03-14 00:00:00 UTC,634.134294490892,645.0,623.5
2014-03-15 00:00:00 UTC,633.113224400181,639.8899,626.3
2014-03-16 00:00:00 UTC,633.002575953173,638.0,628.5801
2014-03-17 00:00:00 UTC,625.797086395195,632.5,619.2
2014-03-18 00:00:00 UTC,613.291944639094,623.8,600.0
2014-03-19 00:00:00 UTC,613.803533132268,622.2,605.9841
2014-03-20 00:00:00 UTC,596.206861794081,609.0,584.0
2014-03-21 00:00:00 UTC,581.99923808388,605.96,555.5
2014-03-22 00:00:00 UTC,561.43138211966,574.24,550.09
2014-03-23 00:00:00 UTC,562.186603923763,571.0,555.0
2014-03-24 00:00:00 UTC,563.568761912775,590.0,550.5
2014-03-25 00:00:00 UTC,577.532270272453,586.0,568.55
2014-03-26 00:00:00 UTC,579.358939307433,593.25,566.51
2014-03-27 00:00:00 UTC,541.518598355453,579.4799,465.0
2014-03-28 00:00:00 UTC,502.277955752104,533.36,470.0
2014-03-29 00:00:00 UTC,497.828803192147,507.99,485.45
2014-03-30 00:00:00 UTC,467.425509529761,491.9999,436.2
2014-03-31 00:00:00 UTC,455.613482688393,488.0,436.1
2014-04-01 00:00:00 UTC,475.197704321944,513.9,453.4
2014-04-02 00:00:00 UTC,464.867223885833,496.2,431.2
2014-04-03 00:00:00 UTC,435.099413923571,463.0,415.46
2014-04-04 00:00:00 UTC,444.196046292695,458.5899,430.2
2014-04-05 00:00:00 UTC,451.189730779676,464.5,444.395
2014-04-06 00:00:00 UTC,457.803525144935,465.9998,450.0
2014-04-07 00:00:00 UTC,453.746920804452,461.0,445.05
2014-04-08 00:00:00 UTC,452.230322106864,458.8,445.01
2014-04-09 00:00:00 UTC,448.060932679707,455.13590891,440.0536
2014-04-10 00:00:00 UTC,407.823377820069,442.8689,357.0
2014-04-11 00:00:00 UTC,403.944490455577,433.6,340.0
2014-04-12 00:00:00 UTC,425.869780098705,441.0,413.0741
2014-04-13 00:00:00 UTC,417.304815734163,428.2,400.0
2014-04-14 00:00:00 UTC,447.88259922854,478.0,406.4
2014-04-15 00:00:00 UTC,487.830391326981,526.995,452.0
2014-04-16 00:00:00 UTC,518.826715277874,547.0,495.0
2014-04-17 00:00:00 UTC,507.089750189571,535.7499,486.1
2014-04-18 00:00:00 UTC,488.110507724266,503.9999,474.25
2014-04-19 00:00:00 UTC,494.148985124279,513.9899,473.83
2014-04-20 00:00:00 UTC,505.623047137415,517.995,492.2
2014-04-21 00:00:00 UTC,501.695776278104,515.646,485.0
2014-04-22 00:00:00 UTC,496.499386272798,506.0,488.0
2014-04-23 00:00:00 UTC,489.767944832282,496.0,482.88
2014-04-24 00:00:00 UTC,490.358832224904,504.96,480.16
2014-04-25 00:00:00 UTC,465.434870268528,504.96,441.3
2014-04-26 00:00:00 UTC,457.489835313797,469.19,449.8001
2014-04-27 00:00:00 UTC,452.542377666139,465.6,427.55
2014-04-28 00:00:00 UTC,437.600084047991,450.0,423.11
2014-04-29 00:00:00 UTC,444.665389190515,454.0,434.0
2014-04-30 00:00:00 UTC,445.643368332487,453.9899,432.0
2014-05-01 00:00:00 UTC,456.169982319259,463.53,448.82
2014-05-02 00:00:00 UTC,451.05139402813,461.11992999,443.0
2014-05-03 00:00:00 UTC,441.040153997917,451.9999,430.0
2014-05-04 00:00:00 UTC,435.427126933001,441.4999,429.0
2014-05-05 00:00:00 UTC,432.236797593241,444.4,425.5999
2014-05-06 00:00:00 UTC,428.843888668335,435.39,419.4
2014-05-07 00:00:00 UTC,439.101587708363,453.6,424.2487
2014-05-08 00:00:00 UTC,444.318982710728,450.59,437.69
2014-05-09 00:00:00 UTC,447.892817582146,456.6,438.2
2014-05-10 00:00:00 UTC,453.360237750566,459.65,448.2
2014-05-11 00:00:00 UTC,444.257363879376,458.4,430.0
2014-05-12 00:00:00 UTC,438.65312959737,442.0,431.8
2014-05-13 00:00:00 UTC,437.931340767887,440.9,434.01
2014-05-14 00:00:00 UTC,443.81055344484,448.0,438.47
2014-05-15 00:00:00 UTC,447.995232620677,451.4,444.0
2014-05-16 00:00:00 UTC,448.125712493066,453.0,443.4
2014-05-17 00:00:00 UTC,448.40725804262,450.0,446.83
2014-05-18 00:00:00 UTC,447.10223124776,449.11,445.5
2014-05-19 00:00:00 UTC,446.678414036818,448.5,444.1
2014-05-20 00:00:00 UTC,468.997472678176,498.68,446.0
2014-05-21 00:00:00 UTC,494.56313021085,501.0,489.5
2014-05-22 00:00:00 UTC,512.21338146388,530.0,492.25
2014-05-23 00:00:00 UTC,530.686612312781,544.78,521.11
2014-05-24 00:00:00 UTC,523.003400089358,529.75,514.25
2014-05-25 00:00:00 UTC,563.38846815586,586.0,528.92
2014-05-26 00:00:00 UTC,582.823647862805,593.3,566.21
2014-05-27 00:00:00 UTC,576.18862557387,597.3,551.0
2014-05-28 00:00:00 UTC,575.022647055485,583.5,565.0
2014-05-29 00:00:00 UTC,570.654789183182,583.0,563.0
2014-05-30 00:00:00 UTC,597.82643265209,630.0,569.85
2014-05-31 00:00:00 UTC,622.372444489066,629.0,610.02
2014-06-01 00:00:00 UTC,645.866049778451,680.0,618.01
2014-06-02 00:00:00 UTC,637.650558645071,679.8,615.0
2014-06-03 00:00:00 UTC,666.219256738575,685.0,652.16
2014-06-04 00:00:00 UTC,642.44309681177,672.97,620.0
2014-06-05 00:00:00 UTC,653.683628888223,672.0,641.0
2014-06-06 00:00:00 UTC,656.872194409002,664.94,646.8
2014-06-07 00:00:00 UTC,653.192539746284,659.4,637.01
2014-06-08 00:00:00 UTC,656.765312832891,664.5,652.5
2014-06-09 00:00:00 UTC,651.182361312534,661.99,639.06
2014-06-10 00:00:00 UTC,657.290076426646,672.0,646.0
2014-06-11 00:00:00 UTC,649.678212413812,666.5,635.11
2014-06-12 00:00:00 UTC,628.255083067004,647.0,575.2
2014-06-13 00:00:00 UTC,607.184547344257,620.97,592.11
2014-06-14 00:00:00 UTC,580.569848746296,606.98,522.15
2014-06-15 00:00:00 UTC,565.087513840329,595.1,540.0
2014-06-16 00:00:00 UTC,597.586581323276,612.0,582.1
2014-06-17 00:00:00 UTC,601.143364777086,619.0,591.1
2014-06-18 00:00:00 UTC,609.322336913198,619.6,601.5
2014-06-19 00:00:00 UTC,606.21437332749,611.99,592.9
2014-06-20 00:00:00 UTC,592.439976323834,598.28,582.37
2014-06-21 00:00:00 UTC,592.461605462277,599.91,583.5
2014-06-22 00:00:00 UTC,603.815662615981,615.0,595.5
2014-06-23 00:00:00 UTC,591.306625342493,604.19,580.11
2014-06-24 00:00:00 UTC,589.258293701508,597.79,580.0
2014-06-25 00:00:00 UTC,570.944223136302,584.99,560.53
2014-06-26 00:00:00 UTC,573.485118673195,584.0,562.9
2014-06-27 00:00:00 UTC,585.006805246764,604.9,575.03
2014-06-28 00:00:00 UTC,598.443435414792,607.21,593.89
2014-06-29 00:00:00 UTC,597.410764550254,607.0,593.37
2014-06-30 00:00:00 UTC,622.113207361799,647.99,598.4
2014-07-01 00:00:00 UTC,652.623141034375,665.0,636.1
2014-07-02 00:00:00 UTC,649.143686613914,662.0,640.14
2014-07-03 00:00:00 UTC,646.043943636291,654.0,636.24
2014-07-04 00:00:00 UTC,639.3256180292,648.66,629.3
2014-07-05 00:00:00 UTC,632.206741173574,638.4,627.7
2014-07-06 00:00:00 UTC,636.094596421185,644.69,630.38
2014-07-07 00:00:00 UTC,629.490476316711,639.76,616.73
2014-07-08 00:00:00 UTC,623.143890978882,629.85,617.51
2014-07-09 00:00:00 UTC,624.680150043553,632.99,620.13
2014-07-10 00:00:00 UTC,618.496698629232,626.55,608.43
2014-07-11 00:00:00 UTC,623.457344380055,636.4,615.84
2014-07-12 00:00:00 UTC,634.001122122349,642.79,630.0
2014-07-13 00:00:00 UTC,631.350630924559,638.21,626.36
2014-07-14 00:00:00 UTC,622.754618200842,630.25,616.8
2014-07-15 00:00:00 UTC,621.888696779783,627.99,618.57
2014-07-16 00:00:00 UTC,617.539855059584,622.5,611.21
2014-07-17 00:00:00 UTC,619.339029194996,627.5,613.0
2014-07-18 00:00:00 UTC,623.348401720323,633.6,616.96
2014-07-19 00:00:00 UTC,627.594940329483,632.1,625.6
2014-07-20 00:00:00 UTC,623.564093843763,628.23,620.36
2014-07-21 00:00:00 UTC,619.475688064556,624.95,616.8
2014-07-22 00:00:00 UTC,621.071241780985,623.17,617.5
2014-07-23 00:00:00 UTC,619.238775662368,620.9,616.21
2014-07-24 00:00:00 UTC,608.716496727967,619.99,591.4
2014-07-25 00:00:00 UTC,600.371576261899,608.0,592.5
2014-07-26 00:00:00 UTC,593.488194234106,600.6,589.0
2014-07-27 00:00:00 UTC,593.648006337789,599.78,590.1
2014-07-28 00:00:00 UTC,582.058950578793,592.0,572.0
2014-07-29 00:00:00 UTC,582.926213894335,590.0,577.11
2014-07-30 00:00:00 UTC,574.964077421572,583.98,561.55
2014-07-31 00:00:00 UTC,576.149576476224,590.0,561.47
2014-08-01 00:00:00 UTC,590.457362174705,605.72,579.1
2014-08-02 00:00:00 UTC,590.024116024654,596.6,585.0
2014-08-03 00:00:00 UTC,583.711623842091,589.0,578.13
2014-08-04 00:00:00 UTC,586.855724338451,595.0,581.22
2014-08-05 00:00:00 UTC,582.822219248417,588.77,579.0
2014-08-06 00:00:00 UTC,580.574680426393,586.3,574.01
2014-08-07 00:00:00 UTC,583.714307916116,592.7,576.5
2014-08-08 00:00:00 UTC,591.951370863465,598.88,586.81
2014-08-09 00:00:00 UTC,587.347920860837,591.0,584.19
2014-08-10 00:00:00 UTC,588.574981397451,594.49,583.31
2014-08-11 00:00:00 UTC,582.822343697206,588.7,567.02
2014-08-12 00:00:00 UTC,568.496817382383,578.8,562.51
2014-08-13 00:00:00 UTC,550.446907158338,571.4,525.0
2014-08-14 00:00:00 UTC,516.720977721219,546.5,451.0
2014-08-15 00:00:00 UTC,504.851871633854,519.5,478.0
2014-08-16 00:00:00 UTC,501.50870616245,523.11,484.5
2014-08-17 00:00:00 UTC,504.197976213882,522.43,484.82
2014-08-18 00:00:00 UTC,474.846969161938,512.3,443.0
2014-08-19 00:00:00 UTC,476.399128875996,492.61,462.9
2014-08-20 00:00:00 UTC,490.257996025595,521.89,464.0
2014-08-21 00:00:00 UTC,521.644216228452,534.89,510.6
2014-08-22 00:00:00 UTC,513.569006953186,525.0,503.7
2014-08-23 00:00:00 UTC,503.529056755446,515.58,491.52
2014-08-24 00:00:00 UTC,506.248167140335,517.7,495.71
2014-08-25 00:00:00 UTC,502.935212774575,511.41,497.55
2014-08-26 00:00:00 UTC,505.996166471145,517.47,497.75
2014-08-27 00:00:00 UTC,514.183813323128,522.8,508.1
2014-08-28 00:00:00 UTC,509.178172835479,514.77,503.86
2014-08-29 00:00:00 UTC,505.997898219017,513.99,498.8
2014-08-30 00:00:00 UTC,500.992511492973,508.37,495.5
2014-08-31 00:00:00 UTC,487.117693086376,500.27,471.65
2014-09-01 00:00:00 UTC,478.600860999061,484.9,471.01
2014-09-02 00:00:00 UTC,477.039438090503,484.0,468.82
2014-09-03 00:00:00 UTC,475.912232336216,479.9,472.99
2014-09-04 00:00:00 UTC,482.266445272981,497.24,473.1
2014-09-05 00:00:00 UTC,486.179431124646,491.42,478.1
2014-09-06 00:00:00 UTC,483.295987190132,486.9,480.1
2014-09-07 00:00:00 UTC,484.054875118097,487.1,479.88
2014-09-08 00:00:00 UTC,471.676129059014,480.9,464.22
2014-09-09 00:00:00 UTC,468.839827922313,479.7,463.0
2014-09-10 00:00:00 UTC,480.242683308122,489.99,472.0
2014-09-11 00:00:00 UTC,476.744142688998,480.6,472.2
2014-09-12 00:00:00 UTC,473.875658957241,477.98,467.0
2014-09-13 00:00:00 UTC,477.973769095898,483.93,472.86
2014-09-14 00:00:00 UTC,478.519832579025,481.56,475.33
2014-09-15 00:00:00 UTC,477.442141182113,480.3,474.77
2014-09-16 00:00:00 UTC,470.780871327622,475.5,462.11
2014-09-17 00:00:00 UTC,460.334980670224,467.75,451.6
2014-09-18 00:00:00 UTC,441.050039858723,458.3,408.8
2014-09-19 00:00:00 UTC,405.686466457667,431.92,381.5
2014-09-20 00:00:00 UTC,410.149794935836,426.3,385.5
2014-09-21 00:00:00 UTC,403.152878564713,414.14,392.23
2014-09-22 00:00:00 UTC,403.114252648644,411.2,397.67
2014-09-23 00:00:00 UTC,409.503901810491,447.11,392.15
2014-09-24 00:00:00 UTC,429.545739738246,440.28,422.0
2014-09-25 00:00:00 UTC,412.936424759076,426.97,402.33
2014-09-26 00:00:00 UTC,405.530970645934,415.0,396.2
2014-09-27 00:00:00 UTC,402.859167944006,409.04,393.2
2014-09-28 00:00:00 UTC,391.183302653629,402.9,365.0
2014-09-29 00:00:00 UTC,377.513543638872,386.56,368.0
2014-09-30 00:00:00 UTC,379.721316334942,398.7,370.0
2014-10-01 00:00:00 UTC,384.429905903996,391.18,377.0
2014-10-02 00:00:00 UTC,377.32189208879,385.52,367.8
2014-10-03 00:00:00 UTC,368.004987454925,376.86,355.0
2014-10-04 00:00:00 UTC,347.918084924066,367.05,321.5
2014-10-05 00:00:00 UTC,317.312209129253,346.69,275.0
2014-10-06 00:00:00 UTC,326.380047026812,346.89,301.0
2014-10-07 00:00:00 UTC,329.464811129486,340.0,317.0
2014-10-08 00:00:00 UTC,339.140617589558,354.87,323.85
2014-10-09 00:00:00 UTC,363.923073435127,387.13,347.14
2014-10-10 00:00:00 UTC,362.231080129802,379.74,351.15
2014-10-11 00:00:00 UTC,359.256126143849,368.5,351.0
2014-10-12 00:00:00 UTC,362.509307915425,382.46,351.86
2014-10-13 00:00:00 UTC,379.220337082773,399.89,368.24
2014-10-14 00:00:00 UTC,402.215700798796,414.42,391.5
2014-10-15 00:00:00 UTC,393.736444402831,402.68,384.7
2014-10-16 00:00:00 UTC,386.612087852734,400.0,370.21
2014-10-17 00:00:00 UTC,379.659266990062,386.8,372.0
2014-10-18 00:00:00 UTC,385.49373814508,396.0,376.4
2014-10-19 00:00:00 UTC,389.528717415014,394.5,383.5
2014-10-20 00:00:00 UTC,381.823733961769,388.25,370.2
2014-10-21 00:00:00 UTC,384.721132336052,394.0,376.66
2014-10-22 00:00:00 UTC,382.91122826393,386.7,377.25
2014-10-23 00:00:00 UTC,366.788172712082,383.6,355.0
2014-10-24 00:00:00 UTC,356.964519272645,363.1,351.5
2014-10-25 00:00:00 UTC,348.21345212815,358.88,337.65
2014-10-26 00:00:00 UTC,350.57503912818,359.9,340.2
2014-10-27 00:00:00 UTC,352.420225472321,359.47,346.44
2014-10-28 00:00:00 UTC,352.207315150928,355.44,347.44
2014-10-29 00:00:00 UTC,343.739450452084,353.78,332.0
2014-10-30 00:00:00 UTC,337.289231460583,351.0,331.0
2014-10-31 00:00:00 UTC,341.091288267477,347.99,332.14
2014-11-01 00:00:00 UTC,328.574264421968,339.0,315.54
2014-11-02 00:00:00 UTC,323.687679687815,329.55,317.7
2014-11-03 00:00:00 UTC,327.593185078516,334.14,323.8
2014-11-04 00:00:00 UTC,325.74792009943,331.28,321.0
2014-11-05 00:00:00 UTC,337.635636734653,342.54,329.75
2014-11-06 00:00:00 UTC,343.149595107669,354.32,336.32
2014-11-07 00:00:00 UTC,344.97418257172,354.0,338.1
2014-11-08 00:00:00 UTC,343.92198436406,348.3,341.0
2014-11-09 00:00:00 UTC,350.706488598928,364.12,343.41
2014-11-10 00:00:00 UTC,365.406348893795,374.26,356.33
2014-11-11 00:00:00 UTC,366.377201734788,371.45,360.74
2014-11-12 00:00:00 UTC,396.408395108692,436.0,367.59
2014-11-13 00:00:00 UTC,429.761763226027,475.0,381.56
2014-11-14 00:00:00 UTC,397.504103133237,425.67,382.22
2014-11-15 00:00:00 UTC,386.703516621192,410.1,368.0
2014-11-16 00:00:00 UTC,385.718132172321,399.9,372.5
2014-11-17 00:00:00 UTC,397.874254366781,413.48,373.0
2014-11-18 00:00:00 UTC,379.743814585791,393.0,366.46
2014-11-19 00:00:00 UTC,377.203176188099,386.0,368.55
2014-11-20 00:00:00 UTC,364.174978622565,379.5,352.01
2014-11-21 00:00:00 UTC,351.13466773062,357.39,340.0
2014-11-22 00:00:00 UTC,356.467960326748,365.3,349.1
2014-11-23 00:00:00 UTC,358.998394064324,372.28,351.5
2014-11-24 00:00:00 UTC,375.862113805721,391.92,363.62
2014-11-25 00:00:00 UTC,384.22536198153,396.87,375.08
2014-11-26 00:00:00 UTC,371.841985201746,379.26,365.22
2014-11-27 00:00:00 UTC,371.300650413793,375.0,368.15
2014-11-28 00:00:00 UTC,370.339264834322,387.5,355.51
2014-11-29 00:00:00 UTC,379.489877381224,390.0,371.0
2014-11-30 00:00:00 UTC,379.528119915096,385.59,373.7
2014-12-01 00:00:00 UTC,381.469014196957,386.5,377.3
2014-12-02 00:00:00 UTC,383.458149249836,387.99,379.08
2014-12-03 00:00:00 UTC,380.139783924018,386.3,372.64
2014-12-04 00:00:00 UTC,374.553597858203,380.33,367.8
2014-12-05 00:00:00 UTC,373.878475606106,382.51,366.1
2014-12-06 00:00:00 UTC,376.393125467499,381.19,370.11
2014-12-07 00:00:00 UTC,377.227749809717,379.8,373.01
2014-12-08 00:00:00 UTC,369.773079653615,378.34,362.11
2014-12-09 00:00:00 UTC,352.539321038016,363.91,343.0
2014-12-10 00:00:00 UTC,349.234366899701,352.5,345.0
2014-12-11 00:00:00 UTC,352.367559255552,362.99,335.7
2014-12-12 00:00:00 UTC,351.31439048851,354.9,346.11
2014-12-13 00:00:00 UTC,347.280824763292,352.49,344.11
2014-12-14 00:00:00 UTC,348.85373129702,358.0,345.04
2014-12-15 00:00:00 UTC,349.334424586473,354.6,345.45
2014-12-16 00:00:00 UTC,335.395922427386,346.93,325.1
2014-12-17 00:00:00 UTC,323.064721319223,335.0,314.21
2014-12-18 00:00:00 UTC,312.661820287676,325.0,302.32
2014-12-19 00:00:00 UTC,312.148036859016,319.97,305.6
2014-12-20 00:00:00 UTC,324.316095998204,330.0,315.3
2014-12-21 00:00:00 UTC,324.163299454347,329.73,316.85
2014-12-22 00:00:00 UTC,328.892010688452,336.85,319.64
2014-12-23 00:00:00 UTC,333.414787981493,337.79,330.0
2014-12-24 00:00:00 UTC,329.550044637637,335.93,320.0
2014-12-25 00:00:00 UTC,319.23900863112,323.4,315.5
2014-12-26 00:00:00 UTC,323.470804435003,332.4,316.17
2014-12-27 00:00:00 UTC,318.95926377953,330.6,310.0
2014-12-28 00:00:00 UTC,315.569989151659,319.79,310.08
2014-12-29 00:00:00 UTC,315.444405732912,320.5,312.51
2014-12-30 00:00:00 UTC,312.141050984908,315.93,307.1
2014-12-31 00:00:00 UTC,313.456629220315,322.79,309.39
2015-01-01 00:00:00 UTC,316.313566480125,322.9,313.81
2015-01-02 00:00:00 UTC,315.065025192612,316.74,313.28
2015-01-03 00:00:00 UTC,303.426023200826,315.99,277.5
2015-01-04 00:00:00 UTC,274.131566576358,288.74,255.03
2015-01-05 00:00:00 UTC,271.823658668297,280.44,263.75
2015-01-06 00:00:00 UTC,278.089606242717,291.94,272.1
2015-01-07 00:00:00 UTC,289.690353342562,303.33,284.0
2015-01-08 00:00:00 UTC,290.56827223189,298.47,282.01
2015-01-09 00:00:00 UTC,286.114385817008,297.32,280.4
2015-01-10 00:00:00 UTC,281.524600967047,292.1,275.0
2015-01-11 00:00:00 UTC,274.933438700518,282.86,265.83
2015-01-12 00:00:00 UTC,270.813837381927,274.44,266.24
2015-01-13 00:00:00 UTC,240.979416497746,269.66,219.0
2015-01-14 00:00:00 UTC,199.096128471128,228.49,166.45
2015-01-15 00:00:00 UTC,208.241415785725,230.74,179.05
2015-01-16 00:00:00 UTC,212.039940050485,223.1,197.72
2015-01-17 00:00:00 UTC,201.067885933601,214.0,192.2
2015-01-18 00:00:00 UTC,206.871432935156,222.0,194.0
2015-01-19 00:00:00 UTC,212.767460820911,219.95,207.0
2015-01-20 00:00:00 UTC,211.563055475296,219.25,203.7
2015-01-21 00:00:00 UTC,215.805275053151,230.0,211.0
2015-01-22 00:00:00 UTC,233.389384514493,242.0,225.29
2015-01-23 00:00:00 UTC,230.282807584688,236.98,225.13
2015-01-24 00:00:00 UTC,238.439982188607,249.77,229.03
2015-01-25 00:00:00 UTC,249.611975510939,259.39,245.0
2015-01-26 00:00:00 UTC,283.301811546594,315.0,254.65
2015-01-27 00:00:00 UTC,262.568901985773,280.37,250.0
2015-01-28 00:00:00 UTC,253.544232835821,269.97,226.35
2015-01-29 00:00:00 UTC,232.423047772861,239.33,220.0
2015-01-30 00:00:00 UTC,231.984424798955,243.89,224.22
2015-01-31 00:00:00 UTC,227.770595476696,234.03,213.1
2015-02-01 00:00:00 UTC,218.546088325939,233.32,211.02
2015-02-02 00:00:00 UTC,227.630642813019,247.5,222.5
2015-02-03 00:00:00 UTC,237.77696488661,248.42,222.66
2015-02-04 00:00:00 UTC,225.953511659221,233.0,220.23
2015-02-05 00:00:00 UTC,222.417642470273,228.8,210.12
2015-02-06 00:00:00 UTC,220.206650485208,225.88,215.0
2015-02-07 00:00:00 UTC,226.896998802195,239.78,222.66
2015-02-08 00:00:00 UTC,225.779525625439,232.9,221.1
2015-02-09 00:00:00 UTC,221.511110042063,225.98,215.33
2015-02-10 00:00:00 UTC,218.575443049781,223.88,214.0
2015-02-11 00:00:00 UTC,221.464185925403,224.4,218.1
2015-02-12 00:00:00 UTC,220.116636139236,223.2,217.8
2015-02-13 00:00:00 UTC,232.632116099954,242.5,221.46
2015-02-14 00:00:00 UTC,246.897513986271,261.3,235.51
2015-02-15 00:00:00 UTC,250.065497778198,268.54,228.2
2015-02-16 00:00:00 UTC,235.005051889925,243.65,228.62
2015-02-17 00:00:00 UTC,239.045958898713,246.28,231.5
2015-02-18 00:00:00 UTC,239.40879245019,244.99,231.01
2015-02-19 00:00:00 UTC,238.182722258952,243.42,234.97
2015-02-20 00:00:00 UTC,243.765292620727,248.98,238.95
2015-02-21 00:00:00 UTC,245.279911286733,247.73,243.28
2015-02-22 00:00:00 UTC,241.947630265424,247.78,232.1
2015-02-23 00:00:00 UTC,236.747570772823,241.0,232.61
2015-02-24 00:00:00 UTC,239.057348360515,240.99,236.7
2015-02-25 00:00:00 UTC,238.267772687294,240.83,235.53
2015-02-26 00:00:00 UTC,236.975966528934,238.33,233.62
2015-02-27 00:00:00 UTC,252.145412011558,262.8,236.64
2015-02-28 00:00:00 UTC,254.275949745689,257.4,251.25
2015-03-01 00:00:00 UTC,253.349781311517,266.91,245.65
2015-03-02 00:00:00 UTC,264.404627154862,279.61,258.98
2015-03-03 00:00:00 UTC,277.166249517002,294.0,267.04
2015-03-04 00:00:00 UTC,280.103176864928,285.99,267.0
2015-03-05 00:00:00 UTC,271.444311903893,284.99,262.0
2015-03-06 00:00:00 UTC,274.097495706677,279.75,268.8
2015-03-07 00:00:00 UTC,274.324227947167,280.76,270.55
2015-03-08 00:00:00 UTC,275.51608074322,278.68,271.61
2015-03-09 00:00:00 UTC,283.330673901794,295.0,275.01
2015-03-10 00:00:00 UTC,295.08103585599,303.96,289.03
2015-03-11 00:00:00 UTC,294.585198147417,298.75,291.0
2015-03-12 00:00:00 UTC,294.837572452595,298.8,291.04
2015-03-13 00:00:00 UTC,290.866516563376,295.91,282.13
2015-03-14 00:00:00 UTC,284.289965531765,287.6,281.36
2015-03-15 00:00:00 UTC,285.166435214092,287.8,281.59
2015-03-16 00:00:00 UTC,291.876854048666,295.2,286.45
2015-03-17 00:00:00 UTC,289.570932734467,292.9,281.56
2015-03-18 00:00:00 UTC,274.376314709809,285.25,248.0
2015-03-19 00:00:00 UTC,258.662301117054,269.5,246.98
2015-03-20 00:00:00 UTC,262.224231476427,267.0,259.36
2015-03-21 00:00:00 UTC,260.190386659621,263.01,255.1
2015-03-22 00:00:00 UTC,262.508325579751,270.8,259.74
2015-03-23 00:00:00 UTC,267.971971386221,271.5,262.0
2015-03-24 00:00:00 UTC,256.254394219318,268.4,241.39
2015-03-25 00:00:00 UTC,245.128901026999,250.95,235.7
2015-03-26 00:00:00 UTC,249.540819096959,255.0,244.5
2015-03-27 00:00:00 UTC,247.896304355707,250.45,245.23
2015-03-28 00:00:00 UTC,252.026506106361,255.96,246.49
2015-03-29 00:00:00 UTC,245.766104402477,253.01,238.89
2015-03-30 00:00:00 UTC,245.759987004346,250.98,236.24
2015-03-31 00:00:00 UTC,245.66732465883,248.8,242.0
2015-04-01 00:00:00 UTC,243.817140610245,248.71,239.21
2015-04-02 00:00:00 UTC,248.411053903992,254.94,243.0
2015-04-03 00:00:00 UTC,253.664293624335,256.49,250.31
2015-04-04 00:00:00 UTC,252.824695690069,255.7,250.32
2015-04-05 00:00:00 UTC,255.358766163667,261.25,251.55
2015-04-06 00:00:00 UTC,258.043397389863,262.45,253.4
2015-04-07 00:00:00 UTC,255.000410832224,257.9,253.01
2015-04-08 00:00:00 UTC,249.377916750183,254.99,242.72
2015-04-09 00:00:00 UTC,243.746589937008,246.79,236.5
2015-04-10 00:00:00 UTC,237.720360299718,243.74,230.75
2015-04-11 00:00:00 UTC,236.361239010803,240.58,233.72
2015-04-12 00:00:00 UTC,236.704757923158,238.7,232.38
2015-04-13 00:00:00 UTC,232.844710010374,237.7,220.14
2015-04-14 00:00:00 UTC,221.02255169416,225.75,216.37
2015-04-15 00:00:00 UTC,221.614116159695,224.75,219.01
2015-04-16 00:00:00 UTC,227.180445513607,230.0,223.01
2015-04-17 00:00:00 UTC,223.949691859909,228.98,219.58
2015-04-18 00:00:00 UTC,222.705831667593,224.16,219.94
2015-04-19 00:00:00 UTC,224.498448114325,227.0,222.1
2015-04-20 00:00:00 UTC,224.260841540121,227.0,221.24
2015-04-21 00:00:00 UTC,226.520447929064,236.99,224.16
2015-04-22 00:00:00 UTC,235.512682379061,238.99,232.0
2015-04-23 00:00:00 UTC,234.690506843523,237.22,233.0
2015-04-24 00:00:00 UTC,231.820904118971,236.51,228.7
2015-04-25 00:00:00 UTC,228.619039208181,232.7,225.35
2015-04-26 00:00:00 UTC,218.978392000166,226.84,213.92
2015-04-27 00:00:00 UTC,221.420308564798,232.49,218.24
2015-04-28 00:00:00 UTC,225.131975385366,228.05,222.16
2015-04-29 00:00:00 UTC,224.886032204226,227.8,222.66
2015-04-30 00:00:00 UTC,231.997482640894,240.89,224.63
2015-05-01 00:00:00 UTC,235.206938874053,239.25,231.26
2015-05-02 00:00:00 UTC,234.306793814768,235.79,231.75
2015-05-03 00:00:00 UTC,239.758671320422,243.73,233.75
2015-05-04 00:00:00 UTC,240.09320004308,243.6,236.98
2015-05-05 00:00:00 UTC,235.149361915089,239.49,231.05
2015-05-06 00:00:00 UTC,234.329897214185,236.75,226.42
2015-05-07 00:00:00 UTC,232.17586806491,239.79,227.81
2015-05-08 00:00:00 UTC,240.50939542006,249.22,236.2
2015-05-09 00:00:00 UTC,243.470783507701,249.21,240.1
2015-05-10 00:00:00 UTC,241.874970180729,245.95,238.79
2015-05-11 00:00:00 UTC,241.843506462828,245.49,238.5
2015-05-12 00:00:00 UTC,242.107599378555,244.67,240.86
2015-05-13 00:00:00 UTC,242.517214594572,245.0,234.22
2015-05-14 00:00:00 UTC,236.430916163232,238.39,232.1
2015-05-15 00:00:00 UTC,237.231338222644,239.0,233.88
2015-05-16 00:00:00 UTC,236.583627132887,237.58,234.0
2015-05-17 00:00:00 UTC,236.439969896099,238.24,235.6
2015-05-18 00:00:00 UTC,235.690198331968,237.25,229.0
2015-05-19 00:00:00 UTC,232.829679421062,235.71,231.19
2015-05-20 00:00:00 UTC,233.410243122172,235.24,231.56
2015-05-21 00:00:00 UTC,235.144646415848,236.5,233.9
2015-05-22 00:00:00 UTC,237.418427516074,241.83,234.59
2015-05-23 00:00:00 UTC,239.976835709239,241.2,237.54
2015-05-24 00:00:00 UTC,240.191086286468,242.98,238.52
2015-05-25 00:00:00 UTC,238.696971794573,241.12,236.1
2015-05-26 00:00:00 UTC,237.525606273472,238.5,235.26
2015-05-27 00:00:00 UTC,237.399519044625,239.3,235.0
2015-05-28 00:00:00 UTC,236.85569355336,237.5,235.85
2015-05-29 00:00:00 UTC,236.419305549037,237.16,235.02
2015-05-30 00:00:00 UTC,233.397027172828,236.73,228.2
2015-05-31 00:00:00 UTC,231.282469324152,232.69,227.0
2015-06-01 00:00:00 UTC,225.956035344926,230.89,219.71
2015-06-02 00:00:00 UTC,223.3422894067,226.0,220.97
2015-06-03 00:00:00 UTC,225.10325376762,227.0,222.26
2015-06-04 00:00:00 UTC,224.753985774134,225.77,222.64
2015-06-05 00:00:00 UTC,224.269658747216,229.23,222.65
2015-06-06 00:00:00 UTC,224.734007494841,228.0,223.9
2015-06-07 00:00:00 UTC,224.744202197437,227.0,222.29
2015-06-08 00:00:00 UTC,226.32703388076,230.63,223.25
2015-06-09 00:00:00 UTC,229.845014379139,232.07,227.79
2015-06-10 00:00:00 UTC,228.877594814583,229.97,227.48
2015-06-11 00:00:00 UTC,229.738446343579,230.7,228.6
2015-06-12 00:00:00 UTC,230.157588246659,231.34,229.11
2015-06-13 00:00:00 UTC,230.506633885545,234.3,228.4
2015-06-14 00:00:00 UTC,233.775075214523,235.44,232.51
2015-06-15 00:00:00 UTC,235.614762773588,238.16,233.35
2015-06-16 00:00:00 UTC,242.429194554191,254.0,236.0
2015-06-17 00:00:00 UTC,251.354568334097,259.1,246.0
2015-06-18 00:00:00 UTC,249.22770030362,253.7,243.0
2015-06-19 00:00:00 UTC,248.424083247633,252.13,243.5
2015-06-20 00:00:00 UTC,243.341693601008,245.9,240.0
2015-06-21 00:00:00 UTC,243.574588640724,245.69,241.09
2015-06-22 00:00:00 UTC,245.763523516227,247.99,243.5
2015-06-23 00:00:00 UTC,244.846787254257,247.35,242.0
2015-06-24 00:00:00 UTC,242.091663512684,244.19,239.0
2015-06-25 00:00:00 UTC,241.637183100717,243.0,239.5
2015-06-26 00:00:00 UTC,241.796743420966,243.9,240.61
2015-06-27 00:00:00 UTC,245.801961887992,251.77,242.6
2015-06-28 00:00:00 UTC,249.77878098207,252.06,247.25
2015-06-29 00:00:00 UTC,252.906451442354,257.74,248.57
2015-06-30 00:00:00 UTC,262.410089734375,269.0,253.05
2015-07-01 00:00:00 UTC,259.069415981608,264.81,252.77
2015-07-02 00:00:00 UTC,256.407808573829,262.61,253.0
2015-07-03 00:00:00 UTC,254.640211314505,256.9,252.11
2015-07-04 00:00:00 UTC,256.736101094645,262.64,253.57
2015-07-05 00:00:00 UTC,264.137387747141,275.88,258.0
2015-07-06 00:00:00 UTC,272.276255998388,278.69,267.33
2015-07-07 00:00:00 UTC,267.470452406701,271.5,262.61
2015-07-08 00:00:00 UTC,268.387196905978,274.11,263.0
2015-07-09 00:00:00 UTC,269.757755876086,274.0,266.22
2015-07-10 00:00:00 UTC,281.352035714201,296.1,268.58
2015-07-11 00:00:00 UTC,291.646111202543,299.56,283.46
2015-07-12 00:00:00 UTC,305.310568272511,316.23,291.81
2015-07-13 00:00:00 UTC,294.687061212193,312.0,281.5
2015-07-14 00:00:00 UTC,291.00969053766,297.25,286.0
2015-07-15 00:00:00 UTC,290.85455750596,294.44,283.51
2015-07-16 00:00:00 UTC,282.777343494029,295.0,275.21
2015-07-17 00:00:00 UTC,277.789697446538,281.55,272.0
2015-07-18 00:00:00 UTC,278.61398036109,283.33,276.12
2015-07-19 00:00:00 UTC,276.511607505224,279.18,274.69
2015-07-20 00:00:00 UTC,277.563913043337,280.5,273.5
2015-07-21 00:00:00 UTC,279.522725643698,282.1,275.09
2015-07-22 00:00:00 UTC,276.679803190293,278.39,274.5
2015-07-23 00:00:00 UTC,277.331582918741,278.44,275.56
2015-07-24 00:00:00 UTC,283.35072352065,289.93,276.02
2015-07-25 00:00:00 UTC,289.068490112436,292.35,286.39
2015-07-26 00:00:00 UTC,291.163046339003,294.57,288.12
2015-07-27 00:00:00 UTC,291.599908264546,298.74,286.0
2015-07-28 00:00:00 UTC,295.745276032969,298.93,293.61
2015-07-29 00:00:00 UTC,291.460296971612,295.68,286.02
2015-07-30 00:00:00 UTC,288.022077447394,291.0,284.01
2015-07-31 00:00:00 UTC,285.081788604816,289.85,281.0
2015-08-01 00:00:00 UTC,280.329306519039,284.99,276.53
2015-08-02 00:00:00 UTC,279.977385982939,283.44,276.26
2015-08-03 00:00:00 UTC,283.4147426971,287.05,279.7
2015-08-04 00:00:00 UTC,284.515672847605,285.94,281.28
2015-08-05 00:00:00 UTC,283.50866808951,285.94,281.49
2015-08-06 00:00:00 UTC,279.995586300212,282.58,278.0
2015-08-07 00:00:00 UTC,279.045876474232,281.0,276.07
2015-08-08 00:00:00 UTC,273.517188267017,280.32,260.62
2015-08-09 00:00:00 UTC,264.115934650879,267.6,260.73
2015-08-10 00:00:00 UTC,265.131380807985,267.72,262.17
2015-08-11 00:00:00 UTC,266.783873961079,272.99,264.81
2015-08-12 00:00:00 UTC,268.953066421082,273.75,265.8
2015-08-13 00:00:00 UTC,265.17631105986,268.0,263.33
2015-08-14 00:00:00 UTC,265.978178888735,268.97,262.13
2015-08-15 00:00:00 UTC,266.096050287954,267.76,260.96
2015-08-16 00:00:00 UTC,260.167452432084,262.9,256.5
2015-08-17 00:00:00 UTC,259.182388245396,262.37,257.4
2015-08-18 00:00:00 UTC,254.158226244689,258.5,162.0
2015-08-19 00:00:00 UTC,231.596052820842,255.08,178.12
2015-08-20 00:00:00 UTC,233.508654884577,237.94,226.27
2015-08-21 00:00:00 UTC,233.658646798918,236.43,230.52
2015-08-22 00:00:00 UTC,229.517293242326,234.71,221.77
2015-08-23 00:00:00 UTC,229.833820842364,232.88,225.58
2015-08-24 00:00:00 UTC,219.572125186667,228.69,207.62
2015-08-25 00:00:00 UTC,215.472365664756,228.77,196.6
2015-08-26 00:00:00 UTC,226.348106028069,232.38,220.1
2015-08-27 00:00:00 UTC,226.53905543235,229.5,224.0
2015-08-28 00:00:00 UTC,228.661450806768,238.9,220.11
2015-08-29 00:00:00 UTC,230.528273966906,234.03,227.16
2015-08-30 00:00:00 UTC,229.23876887458,233.96,225.2
2015-08-31 00:00:00 UTC,229.52735593106,233.69,225.31
2015-09-01 00:00:00 UTC,228.95260061792,232.39,226.55
2015-09-02 00:00:00 UTC,228.709693363521,231.89,226.51
2015-09-03 00:00:00 UTC,227.983879133934,229.96,226.1
2015-09-04 00:00:00 UTC,229.971530105158,231.66,227.01
2015-09-05 00:00:00 UTC,232.963721678911,239.76,230.01
2015-09-06 00:00:00 UTC,240.812754976754,248.48,235.5
2015-09-07 00:00:00 UTC,241.159534316966,243.0,239.03
2015-09-08 00:00:00 UTC,244.090584755366,247.68,240.27
2015-09-09 00:00:00 UTC,241.328272438841,245.57,238.38
2015-09-10 00:00:00 UTC,239.605963749711,242.83,237.01
2015-09-11 00:00:00 UTC,240.902526139281,242.89,239.39
2015-09-12 00:00:00 UTC,239.020111557646,241.0,235.33
2015-09-13 00:00:00 UTC,233.617679064998,236.85,228.95
2015-09-14 00:00:00 UTC,231.130359481598,233.9,228.4
2015-09-15 00:00:00 UTC,231.390474555879,232.93,229.5
2015-09-16 00:00:00 UTC,229.652337470231,232.12,227.33
2015-09-17 00:00:00 UTC,231.466175809795,235.71,228.99
2015-09-18 00:00:00 UTC,234.122001890373,236.26,232.52
2015-09-19 00:00:00 UTC,232.869334912201,234.19,231.4
2015-09-20 00:00:00 UTC,232.388767786752,233.38,231.4
2015-09-21 00:00:00 UTC,228.946557867943,232.97,226.38
2015-09-22 00:00:00 UTC,229.753970563442,233.95,224.25
2015-09-23 00:00:00 UTC,231.323135587916,233.0,230.03
2015-09-24 00:00:00 UTC,233.117898868338,236.25,230.54
2015-09-25 00:00:00 UTC,235.899394826718,237.7,233.05
2015-09-26 00:00:00 UTC,234.971561350104,235.95,233.75
2015-09-27 00:00:00 UTC,233.974193186197,234.78,233.0
2015-09-28 00:00:00 UTC,238.410994637317,241.44,233.37
2015-09-29 00:00:00 UTC,238.845177638321,241.5,236.61
2015-09-30 00:00:00 UTC,237.311167446502,238.78,235.11
2015-10-01 00:00:00 UTC,237.890511674493,240.09,236.19
2015-10-02 00:00:00 UTC,238.32644053306,240.0,237.33
2015-10-03 00:00:00 UTC,239.354072213584,241.11,237.68
2015-10-04 00:00:00 UTC,239.894892896687,240.93,239.29
2015-10-05 00:00:00 UTC,239.775960896775,242.89,236.24
2015-10-06 00:00:00 UTC,244.30545366801,249.01,241.51
2015-10-07 00:00:00 UTC,245.902834626452,247.93,243.5
2015-10-08 00:00:00 UTC,244.31604285096,245.65,242.62
2015-10-09 00:00:00 UTC,244.175919480658,245.45,242.63
2015-10-10 00:00:00 UTC,245.097489495694,246.41,243.5
2015-10-11 00:00:00 UTC,246.379694194447,248.73,243.75
2015-10-12 00:00:00 UTC,247.208504585287,248.45,245.21
2015-10-13 00:00:00 UTC,248.861778918458,253.43,244.0
2015-10-14 00:00:00 UTC,252.253609222236,255.95,250.1
2015-10-15 00:00:00 UTC,255.061075603986,257.5,253.44
2015-10-16 00:00:00 UTC,260.381966286856,267.83,254.91
2015-10-17 00:00:00 UTC,269.658004060324,275.19,258.32
2015-10-18 00:00:00 UTC,268.429298448067,274.66,263.3
2015-10-19 00:00:00 UTC,265.05338493658,268.28,262.35
2015-10-20 00:00:00 UTC,268.082630624397,273.97,264.39
2015-10-21 00:00:00 UTC,268.635480085277,272.28,264.1
2015-10-22 00:00:00 UTC,272.817059998318,279.97,267.3
2015-10-23 00:00:00 UTC,277.924487504576,280.9,275.15
2015-10-24 00:00:00 UTC,281.070823137171,284.47,279.0
2015-10-25 00:00:00 UTC,290.265338215963,295.99,281.2
2015-10-26 00:00:00 UTC,285.534298216235,287.92,282.25
2015-10-27 00:00:00 UTC,292.914581732701,298.86,286.71
2015-10-28 00:00:00 UTC,301.35786605663,307.99,295.29
2015-10-29 00:00:00 UTC,310.25459092291,321.53,301.5
2015-10-30 00:00:00 UTC,325.712489268073,336.0,313.82
2015-10-31 00:00:00 UTC,323.043476466096,335.87,307.2
2015-11-01 00:00:00 UTC,320.906019128849,333.49,313.6
2015-11-02 00:00:00 UTC,340.121861509768,373.12,326.8
2015-11-03 00:00:00 UTC,386.242669610825,423.88,361.11
2015-11-04 00:00:00 UTC,449.934667063854,504.0,366.66
2015-11-05 00:00:00 UTC,400.956754003779,449.95,370.0
2015-11-06 00:00:00 UTC,372.783094675785,396.78,351.2
2015-11-07 00:00:00 UTC,384.463077913983,392.23,371.32
2015-11-08 00:00:00 UTC,382.778409501132,390.33,365.56
2015-11-09 00:00:00 UTC,376.939420427036,388.99,360.0
2015-11-10 00:00:00 UTC,366.291941406879,383.4,327.02
2015-11-11 00:00:00 UTC,317.313436210152,343.79,300.28
2015-11-12 00:00:00 UTC,329.134367838047,346.44,314.14
2015-11-13 00:00:00 UTC,334.851023364496,343.75,326.22
2015-11-14 00:00:00 UTC,334.257524406075,340.72,328.5
2015-11-15 00:00:00 UTC,328.975906998095,336.6,315.0
2015-11-16 00:00:00 UTC,323.447825763114,335.0,315.2
2015-11-17 00:00:00 UTC,335.791787939179,342.5,331.05
2015-11-18 00:00:00 UTC,334.076909801667,338.99,327.91
2015-11-19 00:00:00 UTC,331.47080540323,336.57,324.02
2015-11-20 00:00:00 UTC,319.832536863961,326.77,309.46
2015-11-21 00:00:00 UTC,325.616884107425,329.35,318.95
2015-11-22 00:00:00 UTC,324.581341244976,327.85,320.36
2015-11-23 00:00:00 UTC,323.579256840465,327.5,320.9
2015-11-24 00:00:00 UTC,321.241839075433,323.77,315.55
2015-11-25 00:00:00 UTC,323.409554959277,332.43,316.02
2015-11-26 00:00:00 UTC,344.185488952991,369.9,329.35
2015-11-27 00:00:00 UTC,357.504262973598,367.0,348.18
2015-11-28 00:00:00 UTC,355.993740398795,362.44,351.0
2015-11-29 00:00:00 UTC,362.244929460885,376.0,355.17
2015-11-30 00:00:00 UTC,377.559564932314,384.99,368.11
2015-12-01 00:00:00 UTC,367.271730900078,379.99,353.1
2015-12-02 00:00:00 UTC,355.096025574384,363.22,346.13
2015-12-03 00:00:00 UTC,361.602172823632,371.5,352.25
2015-12-04 00:00:00 UTC,359.909610409324,364.4,354.31
2015-12-05 00:00:00 UTC,375.487933578828,395.0,362.08
2015-12-06 00:00:00 UTC,395.893799330441,407.57,386.01
2015-12-07 00:00:00 UTC,395.463967862817,404.24,384.53
2015-12-08 00:00:00 UTC,396.954951568296,422.39,388.37
2015-12-09 00:00:00 UTC,419.030998023038,426.59,405.0
2015-12-10 00:00:00 UTC,415.753829640968,421.82,411.09
2015-12-11 00:00:00 UTC,434.194690718774,458.99,414.8
2015-12-12 00:00:00 UTC,432.654225273016,475.04,402.5
2015-12-13 00:00:00 UTC,435.769771470701,443.92,415.24
2015-12-14 00:00:00 UTC,441.624171331811,450.0,427.3
2015-12-15 00:00:00 UTC,457.95367594895,467.29,442.51
2015-12-16 00:00:00 UTC,456.524024728199,469.99,440.0
2015-12-17 00:00:00 UTC,454.709585851365,458.56,446.21
2015-12-18 00:00:00 UTC,459.682274135624,466.6,450.1
2015-12-19 00:00:00 UTC,462.555020778184,467.0,452.0
2015-12-20 00:00:00 UTC,452.386868890816,462.78,431.5
2015-12-21 00:00:00 UTC,436.487232047563,447.45,424.37
2015-12-22 00:00:00 UTC,438.42995980341,443.64,433.0
2015-12-23 00:00:00 UTC,440.114032589868,445.76,433.62
2015-12-24 00:00:00 UTC,454.423537281412,459.1,442.45
2015-12-25 00:00:00 UTC,455.271352462029,460.0,445.0
2015-12-26 00:00:00 UTC,429.941095446682,460.05,405.5
2015-12-27 00:00:00 UTC,418.83496645245,424.89,407.0
2015-12-28 00:00:00 UTC,423.999955589488,429.0,417.01
2015-12-29 00:00:00 UTC,424.338865001843,433.55,418.01
2015-12-30 00:00:00 UTC,427.515268798842,434.0,420.0
2015-12-31 00:00:00 UTC,424.0946115434,432.59,412.5
2016-01-01 00:00:00 UTC,432.089001836354,436.49,426.26
2016-01-02 00:00:00 UTC,432.721482558392,435.8,430.0
2016-01-03 00:00:00 UTC,428.229886537125,433.07,421.73
2016-01-04 00:00:00 UTC,431.379004803531,435.67,426.97
2016-01-05 00:00:00 UTC,431.890833752954,434.91,427.91
2016-01-06 00:00:00 UTC,429.46413069951,432.24,425.03
2016-01-07 00:00:00 UTC,449.508563447434,462.0,427.11
2016-01-08 00:00:00 UTC,455.295907977599,465.0,446.55
2016-01-09 00:00:00 UTC,450.895003551171,456.01,447.07
2016-01-10 00:00:00 UTC,445.280001157302,450.26,441.01
2016-01-11 00:00:00 UTC,448.201584786907,452.49,443.42
2016-01-12 00:00:00 UTC,446.580384281369,449.98,427.01
2016-01-13 00:00:00 UTC,428.115816608471,436.36,416.0
2016-01-14 00:00:00 UTC,430.56785328879,435.0,426.0
2016-01-15 00:00:00 UTC,402.885751472101,429.43,357.02
2016-01-16 00:00:00 UTC,372.729784420145,392.5,352.5
2016-01-17 00:00:00 UTC,385.920175521382,393.31,378.76
2016-01-18 00:00:00 UTC,384.305918417654,390.0,375.01
2016-01-19 00:00:00 UTC,383.765637132791,388.61,377.41
2016-01-20 00:00:00 UTC,394.219803709527,428.0,375.01
2016-01-21 00:00:00 UTC,414.523013285774,424.57,405.0
2016-01-22 00:00:00 UTC,392.512788939555,411.2,371.25
2016-01-23 00:00:00 UTC,387.987684303819,394.81,379.85
2016-01-24 00:00:00 UTC,396.415704347101,407.33,385.1
2016-01-25 00:00:00 UTC,396.165050739897,402.77,384.0
2016-01-26 00:00:00 UTC,392.844116336445,398.0,386.66
2016-01-27 00:00:00 UTC,394.106190519409,396.99,389.66
2016-01-28 00:00:00 UTC,382.429944445096,395.48,375.01
2016-01-29 00:00:00 UTC,374.984291131143,386.0,360.03
2016-01-30 00:00:00 UTC,377.065916137635,380.6,374.0
2016-01-31 00:00:00 UTC,375.84505650451,378.9,362.57
2016-02-01 00:00:00 UTC,371.32432451121,379.27,363.23
2016-02-02 00:00:00 UTC,372.564785173002,374.8,369.69
2016-02-03 00:00:00 UTC,370.909525652248,374.0,365.65
2016-02-04 00:00:00 UTC,378.62723976426,393.89,368.65
2016-02-05 00:00:00 UTC,387.743330695305,393.0,384.19
2016-02-06 00:00:00 UTC,373.890763811408,386.54,365.0
2016-02-07 00:00:00 UTC,373.720689566545,377.8,369.17
2016-02-08 00:00:00 UTC,373.92340034158,377.0,369.01
2016-02-09 00:00:00 UTC,372.98351550306,377.96,370.04
2016-02-10 00:00:00 UTC,378.629822785979,387.0,373.13
2016-02-11 00:00:00 UTC,378.638137554845,383.23,372.25
2016-02-12 00:00:00 UTC,380.448519895611,383.53,377.04
2016-02-13 00:00:00 UTC,388.606298052834,393.0,382.55
2016-02-14 00:00:00 UTC,399.514463222313,408.66,392.93
2016-02-15 00:00:00 UTC,403.015326196563,412.5,395.23
2016-02-16 00:00:00 UTC,403.813960879473,408.77,398.66
2016-02-17 00:00:00 UTC,413.952253015093,421.9,405.16
2016-02-18 00:00:00 UTC,419.674195026205,426.21,412.51
2016-02-19 00:00:00 UTC,419.347710892501,422.54,412.0
2016-02-20 00:00:00 UTC,431.124369477979,445.96,419.72
2016-02-21 00:00:00 UTC,440.168224517127,451.6,428.01
2016-02-22 00:00:00 UTC,438.46974218142,442.5,433.01
2016-02-23 00:00:00 UTC,428.429883874116,442.67,416.24
2016-02-24 00:00:00 UTC,422.123139590992,427.5,409.69
2016-02-25 00:00:00 UTC,424.50233272745,430.0,419.5
2016-02-26 00:00:00 UTC,425.517335383351,435.9,419.83
2016-02-27 00:00:00 UTC,434.206327651592,438.6,431.81
2016-02-28 00:00:00 UTC,430.176050736525,437.89,422.1
2016-02-29 00:00:00 UTC,438.716606688878,445.0,430.51
2016-03-01 00:00:00 UTC,435.416948674433,442.79,427.26
2016-03-02 00:00:00 UTC,430.922936261454,436.45,421.11
2016-03-03 00:00:00 UTC,420.924069886196,424.43,416.4
2016-03-04 00:00:00 UTC,419.119865376765,423.99,407.5
2016-03-05 00:00:00 UTC,402.700222537787,410.14,389.0
2016-03-06 00:00:00 UTC,402.655624029456,409.5,392.01
2016-03-07 00:00:00 UTC,408.328883940211,415.8,401.51
2016-03-08 00:00:00 UTC,411.820978997297,416.0,406.0
2016-03-09 00:00:00 UTC,410.96385376645,414.5,407.47
2016-03-10 00:00:00 UTC,413.779250390062,418.24,410.68
2016-03-11 00:00:00 UTC,420.291986841092,423.6,415.5
2016-03-12 00:00:00 UTC,412.97658755366,421.81,406.38
2016-03-13 00:00:00 UTC,412.572412020902,416.0,410.0
2016-03-14 00:00:00 UTC,414.52714828798,417.99,411.7
2016-03-15 00:00:00 UTC,416.065605431186,418.82,412.78
2016-03-16 00:00:00 UTC,415.503812992666,418.0,413.96
2016-03-17 00:00:00 UTC,418.613687077169,420.6,416.67
2016-03-18 00:00:00 UTC,412.40456388718,418.86,403.01
2016-03-19 00:00:00 UTC,406.988546220277,412.0,404.0
2016-03-20 00:00:00 UTC,410.756070132459,413.2,407.92
2016-03-21 00:00:00 UTC,409.578567227589,412.14,406.0
2016-03-22 00:00:00 UTC,416.011761936508,418.68,409.88
2016-03-23 00:00:00 UTC,417.616327951979,419.72,415.83
2016-03-24 00:00:00 UTC,416.156596909994,418.13,414.0
2016-03-25 00:00:00 UTC,415.700268462254,417.03,413.03
2016-03-26 00:00:00 UTC,416.460133564079,419.4,413.2
2016-03-27 00:00:00 UTC,420.772371641498,431.0,415.79
2016-03-28 00:00:00 UTC,425.23497852883,427.99,422.38
2016-03-29 00:00:00 UTC,419.043916045978,426.41,406.51
2016-03-30 00:00:00 UTC,413.603438506416,416.0,408.58
2016-03-31 00:00:00 UTC,416.292733298655,418.25,413.04
2016-04-01 00:00:00 UTC,416.267270283322,417.9,414.0
2016-04-02 00:00:00 UTC,420.323442754043,422.8,417.53
2016-04-03 00:00:00 UTC,419.620531494273,421.82,416.0
2016-04-04 00:00:00 UTC,419.703159936224,421.2,416.24
2016-04-05 00:00:00 UTC,422.479774319273,425.0,419.61
2016-04-06 00:00:00 UTC,422.957191605282,424.68,421.69
2016-04-07 00:00:00 UTC,421.442764834208,422.86,417.78
2016-04-08 00:00:00 UTC,421.81183221822,424.49,415.5
2016-04-09 00:00:00 UTC,416.844328501492,418.76,412.0
2016-04-10 00:00:00 UTC,419.912934128856,422.9,417.49
2016-04-11 00:00:00 UTC,421.991399419003,423.9,418.8
2016-04-12 00:00:00 UTC,426.234528904807,430.0,423.56
2016-04-13 00:00:00 UTC,425.417836536681,427.68,423.0
2016-04-14 00:00:00 UTC,425.163080920464,426.49,424.01
2016-04-15 00:00:00 UTC,429.274763767808,432.49,426.01
2016-04-16 00:00:00 UTC,432.35987420184,435.67,430.47
2016-04-17 00:00:00 UTC,429.84163347709,433.49,426.37
2016-04-18 00:00:00 UTC,429.499460606279,430.91,426.52
2016-04-19 00:00:00 UTC,430.815375372242,439.0,428.54
2016-04-20 00:00:00 UTC,439.958495494601,446.61,436.6
2016-04-21 00:00:00 UTC,446.481076310691,454.5,442.01
2016-04-22 00:00:00 UTC,448.102487584807,453.15,444.51
2016-04-23 00:00:00 UTC,448.977427808819,454.95,445.67
2016-04-24 00:00:00 UTC,456.992801840929,464.99,450.18
2016-04-25 00:00:00 UTC,462.192571925855,471.58,455.0
2016-04-26 00:00:00 UTC,466.546462369396,471.99,461.77
2016-04-27 00:00:00 UTC,460.462628313512,470.17,443.0
2016-04-28 00:00:00 UTC,445.399247244528,450.83,435.0
2016-04-29 00:00:00 UTC,450.952517030905,457.49,445.8
2016-04-30 00:00:00 UTC,451.987660900803,455.98,445.01
2016-05-01 00:00:00 UTC,449.792119323457,452.99,445.69
2016-05-02 00:00:00 UTC,445.270939806506,452.5,436.0
2016-05-03 00:00:00 UTC,446.612976797273,452.0,440.1
2016-05-04 00:00:00 UTC,447.922053703058,450.98,445.07
2016-05-05 00:00:00 UTC,448.344723484667,451.68,445.51
2016-05-06 00:00:00 UTC,453.57525836783,466.0,448.0
2016-05-07 00:00:00 UTC,460.624689234391,463.05,458.3
2016-05-08 00:00:00 UTC,459.291376911242,461.62,456.04
2016-05-09 00:00:00 UTC,460.299558969074,465.4,457.8
2016-05-10 00:00:00 UTC,455.957754731081,465.0,445.01
2016-05-11 00:00:00 UTC,452.908743155606,454.68,450.01
2016-05-12 00:00:00 UTC,450.742766114932,456.75,445.91
2016-05-13 00:00:00 UTC,455.058462944092,457.66,452.0
2016-05-14 00:00:00 UTC,455.816751026219,458.86,454.0
2016-05-15 00:00:00 UTC,456.753419642823,460.67,454.31
2016-05-16 00:00:00 UTC,456.553033033085,458.95,451.0
2016-05-17 00:00:00 UTC,453.448680812979,454.91,451.0
2016-05-18 00:00:00 UTC,454.6814383389,457.0,451.53
2016-05-19 00:00:00 UTC,448.710060077305,454.71,433.0
2016-05-20 00:00:00 UTC,440.422072095288,443.14,433.0
2016-05-21 00:00:00 UTC,440.327117872807,442.16,435.3
2016-05-22 00:00:00 UTC,439.112192990432,441.0,435.1
2016-05-23 00:00:00 UTC,440.70325360858,444.4,436.51
2016-05-24 00:00:00 UTC,444.857549700352,447.85,442.39
2016-05-25 00:00:00 UTC,447.977474462435,450.51,442.5
2016-05-26 00:00:00 UTC,451.155425404098,454.8,446.01
2016-05-27 00:00:00 UTC,472.485664286493,482.31,453.58
2016-05-28 00:00:00 UTC,501.349090510184,543.0,471.0
2016-05-29 00:00:00 UTC,528.863713840739,570.0,512.11
2016-05-30 00:00:00 UTC,536.787541571766,548.5,521.11
2016-05-31 00:00:00 UTC,536.209197155114,546.5,518.0
2016-06-01 00:00:00 UTC,534.286457497906,546.12,523.75
2016-06-02 00:00:00 UTC,536.556683452224,544.0,532.37
2016-06-03 00:00:00 UTC,555.208149163336,579.94,535.65
2016-06-04 00:00:00 UTC,574.376402480055,593.89,560.1
2016-06-05 00:00:00 UTC,576.200289910569,586.47,564.64
2016-06-06 00:00:00 UTC,582.864627338939,588.6,573.93
2016-06-07 00:00:00 UTC,581.240718817429,592.08,561.3
2016-06-08 00:00:00 UTC,577.307073405545,585.15,570.62
2016-06-09 00:00:00 UTC,577.205912219742,584.05,569.97
2016-06-10 00:00:00 UTC,577.041885082347,582.43,572.5
2016-06-11 00:00:00 UTC,585.821517125828,615.0,579.29
2016-06-12 00:00:00 UTC,640.921590275912,685.0,601.34
2016-06-13 00:00:00 UTC,689.46926235223,719.0,658.0
2016-06-14 00:00:00 UTC,686.982977671985,705.88,656.51
2016-06-15 00:00:00 UTC,684.69228277108,699.4,667.89
2016-06-16 00:00:00 UTC,743.850146477204,779.0,697.31
2016-06-17 00:00:00 UTC,749.59028657154,780.0,702.01
2016-06-18 00:00:00 UTC,752.632149484872,789.78,720.0
2016-06-19 00:00:00 UTC,758.456864599608,775.0,739.0
2016-06-20 00:00:00 UTC,751.334347984133,767.77,721.0
2016-06-21 00:00:00 UTC,684.300784258332,742.98,635.37
2016-06-22 00:00:00 UTC,654.039672745373,688.32,588.88
2016-06-23 00:00:00 UTC,595.336515851969,639.0,555.56
2016-06-24 00:00:00 UTC,656.162813856577,679.99,625.79
2016-06-25 00:00:00 UTC,674.704398941888,698.0,640.11
2016-06-26 00:00:00 UTC,640.935493271299,668.01,614.33
2016-06-27 00:00:00 UTC,641.390352682327,662.33,616.07
2016-06-28 00:00:00 UTC,649.405685203615,664.26,631.65
2016-06-29 00:00:00 UTC,635.60964145685,646.25,621.58
2016-06-30 00:00:00 UTC,655.958946955955,677.47,635.57
2016-07-01 00:00:00 UTC,677.867892584081,690.62,667.61
2016-07-02 00:00:00 UTC,688.258542734111,706.0,673.36
2016-07-03 00:00:00 UTC,674.143517134562,706.98,644.1
2016-07-04 00:00:00 UTC,670.760694788164,684.44,644.46
2016-07-05 00:00:00 UTC,671.88855116062,682.7,655.3
2016-07-06 00:00:00 UTC,673.641186023747,682.9,666.71
2016-07-07 00:00:00 UTC,641.369829408493,682.0,610.1
2016-07-08 00:00:00 UTC,647.412158859489,666.66,633.75
2016-07-09 00:00:00 UTC,650.343638531833,664.43,620.0
2016-07-10 00:00:00 UTC,646.416164472086,651.47,636.09
2016-07-11 00:00:00 UTC,649.944119992975,662.6,643.4
2016-07-12 00:00:00 UTC,658.300568054887,679.9,645.45
2016-07-13 00:00:00 UTC,664.01235656928,669.87,652.51
2016-07-14 00:00:00 UTC,658.713508180142,667.5,649.89
2016-07-15 00:00:00 UTC,664.65584744019,669.95,658.11
2016-07-16 00:00:00 UTC,665.159835493687,669.65,659.12
2016-07-17 00:00:00 UTC,673.570882988767,689.96,663.61
2016-07-18 00:00:00 UTC,679.662992802161,686.74,666.02
2016-07-19 00:00:00 UTC,672.382731005525,678.59,665.0
2016-07-20 00:00:00 UTC,669.763891131671,676.0,661.0
2016-07-21 00:00:00 UTC,664.261574265699,668.0,654.97
2016-07-22 00:00:00 UTC,659.682419898049,668.0,639.41
2016-07-23 00:00:00 UTC,652.657746055201,657.13,644.97
2016-07-24 00:00:00 UTC,657.089657795062,664.15,650.52
2016-07-25 00:00:00 UTC,656.127086116875,664.41,646.22
2016-07-26 00:00:00 UTC,652.057729666197,657.61,640.56
2016-07-27 00:00:00 UTC,654.747340487115,662.78,646.44
2016-07-28 00:00:00 UTC,656.57305412683,659.67,652.52
2016-07-29 00:00:00 UTC,657.117286233987,660.49,654.54
2016-07-30 00:00:00 UTC,656.573967973991,660.46,647.79
2016-07-31 00:00:00 UTC,635.365493777098,655.17,621.25
2016-08-01 00:00:00 UTC,621.016993863052,627.35,605.01
2016-08-02 00:00:00 UTC,605.538087752822,615.29,595.0
2016-08-09 00:00:00 UTC,0.0,0.0,0.0
2016-08-10 00:00:00 UTC,600.722928879045,614.5,579.0
2016-08-11 00:00:00 UTC,593.18659651495,599.75,584.59
2016-08-12 00:00:00 UTC,588.57758400906,593.0,584.0
2016-08-13 00:00:00 UTC,586.280951233585,590.02,582.0
2016-08-14 00:00:00 UTC,575.796728366721,583.75,564.0
2016-08-15 00:00:00 UTC,568.350155136168,575.75,562.99
2016-08-16 00:00:00 UTC,570.75743534964,579.0,564.0
2016-08-17 00:00:00 UTC,572.968158850252,578.5,569.0
2016-08-18 00:00:00 UTC,573.138365844533,578.75,569.71
2016-08-19 00:00:00 UTC,573.926556084469,577.25,570.82
2016-08-20 00:00:00 UTC,577.857733255183,582.75,571.25
2016-08-21 00:00:00 UTC,582.274725826533,584.27,580.0
2016-08-22 00:00:00 UTC,584.623757484475,589.99,581.28
2016-08-23 00:00:00 UTC,585.460592154787,590.69,581.1
2016-08-24 00:00:00 UTC,581.965263539515,586.91,580.0
2016-08-25 00:00:00 UTC,576.138460420585,581.14,574.01
2016-08-26 00:00:00 UTC,577.620563934487,579.51,575.06
2016-08-27 00:00:00 UTC,572.862302761535,578.99,567.23
2016-08-28 00:00:00 UTC,571.728084697019,574.54,568.18
2016-08-29 00:00:00 UTC,575.413598144787,578.1,573.01
2016-08-30 00:00:00 UTC,578.157673345538,580.28,574.07
2016-08-31 00:00:00 UTC,575.682681541441,579.52,572.02
2016-09-01 00:00:00 UTC,573.998061772085,577.98,571.43
2016-09-02 00:00:00 UTC,574.797761907952,581.23,570.61
2016-09-03 00:00:00 UTC,584.051986204313,615.0,576.04
2016-09-04 00:00:00 UTC,611.138763544095,618.65,601.83
2016-09-05 00:00:00 UTC,610.423450421141,615.68,603.84
2016-09-06 00:00:00 UTC,612.733456896471,617.53,609.7
2016-09-07 00:00:00 UTC,615.43122905325,620.85,610.83
2016-09-08 00:00:00 UTC,626.757345578648,636.16,617.12
2016-09-09 00:00:00 UTC,626.076896727247,633.81,621.24
2016-09-10 00:00:00 UTC,627.234859230174,629.65,624.68
2016-09-11 00:00:00 UTC,623.59731729508,635.0,595.36
2016-09-12 00:00:00 UTC,611.071579700709,615.21,608.01
2016-09-13 00:00:00 UTC,613.13282784267,640.0,610.0
2016-09-14 00:00:00 UTC,614.288512337134,617.38,612.01
2016-09-15 00:00:00 UTC,613.411801597281,617.93,611.0
2016-09-16 00:00:00 UTC,611.287306739961,614.22,609.54
2016-09-17 00:00:00 UTC,608.385024922288,610.75,604.96
2016-09-18 00:00:00 UTC,610.960757189113,616.34,607.18
2016-09-19 00:00:00 UTC,611.503987593587,615.05,608.6
2016-09-20 00:00:00 UTC,609.807048011744,612.01,600.01
2016-09-21 00:00:00 UTC,597.763487825836,601.18,591.0
2016-09-22 00:00:00 UTC,597.362283020389,598.7,595.92
2016-09-23 00:00:00 UTC,599.925820544111,603.99,595.95
2016-09-24 00:00:00 UTC,603.943236224879,606.0,601.0
2016-09-25 00:00:00 UTC,601.177000883619,603.99,597.3
2016-09-26 00:00:00 UTC,605.440150755954,610.1,599.86
2016-09-27 00:00:00 UTC,606.450227039157,609.91,602.01
2016-09-28 00:00:00 UTC,604.427880322032,605.77,603.07
2016-09-29 00:00:00 UTC,605.163079402752,607.96,603.04
2016-09-30 00:00:00 UTC,605.944320756023,613.27,603.99
2016-10-01 00:00:00 UTC,613.99181094177,616.87,611.1
2016-10-02 00:00:00 UTC,610.39997165642,614.21,575.0
2016-10-03 00:00:00 UTC,611.665757235348,618.0,608.91
2016-10-04 00:00:00 UTC,611.420654589768,614.11,609.63
2016-10-05 00:00:00 UTC,612.743144700989,617.28,610.0
2016-10-06 00:00:00 UTC,613.779634866832,615.9,612.68
2016-10-07 00:00:00 UTC,617.612263442534,621.71,613.0
2016-10-08 00:00:00 UTC,620.153051147466,622.87,617.91
2016-10-09 00:00:00 UTC,618.142441709007,620.91,614.01
2016-10-10 00:00:00 UTC,618.414320809054,620.0,615.91
2016-10-11 00:00:00 UTC,634.666324444343,646.86,618.06
2016-10-12 00:00:00 UTC,640.331467450435,644.07,636.91
2016-10-13 00:00:00 UTC,639.134846968489,644.29,636.38
2016-10-14 00:00:00 UTC,640.881651038868,645.4,636.72
2016-10-15 00:00:00 UTC,642.957317222317,645.69,637.91
2016-10-16 00:00:00 UTC,643.301133077905,645.8,639.82
2016-10-17 00:00:00 UTC,641.1543107012,644.56,637.58
2016-10-18 00:00:00 UTC,638.760455353821,641.98,632.93
2016-10-19 00:00:00 UTC,635.136703765292,644.0,627.84
2016-10-20 00:00:00 UTC,631.225919980419,633.61,628.0
2016-10-21 00:00:00 UTC,635.784946523139,639.0,632.0
2016-10-22 00:00:00 UTC,648.980932385408,672.2,635.06
2016-10-23 00:00:00 UTC,660.921884183094,671.4,656.04
2016-10-24 00:00:00 UTC,655.89308713341,659.41,654.01
2016-10-25 00:00:00 UTC,659.497917307446,670.0,652.6
2016-10-26 00:00:00 UTC,669.302792398639,685.84,658.46
2016-10-27 00:00:00 UTC,684.53424733271,690.92,676.69
2016-10-28 00:00:00 UTC,688.515958858543,695.34,681.08
2016-10-29 00:00:00 UTC,710.26655746048,724.0,691.42
2016-10-30 00:00:00 UTC,709.256475366874,716.66,696.96
2016-10-31 00:00:00 UTC,703.788423619864,709.0,687.6
2016-11-01 00:00:00 UTC,727.148362238699,746.55,701.01
2016-11-02 00:00:00 UTC,730.870993721319,751.47,723.59
2016-11-03 00:00:00 UTC,729.524572895948,754.66,676.0
2016-11-04 00:00:00 UTC,702.065878128248,710.9,686.42
2016-11-05 00:00:00 UTC,707.122104301741,713.88,700.82
2016-11-06 00:00:00 UTC,712.935185684316,721.61,700.01
2016-11-07 00:00:00 UTC,706.768644742648,713.8,700.02
2016-11-08 00:00:00 UTC,709.511789696103,717.99,703.0
2016-11-09 00:00:00 UTC,728.111049770999,743.06,708.5
2016-11-10 00:00:00 UTC,716.973666912169,725.0,709.13
2016-11-11 00:00:00 UTC,715.696858065839,719.37,712.03
2016-11-12 00:00:00 UTC,708.494566888194,716.99,700.1
2016-11-13 00:00:00 UTC,697.046659358784,706.47,687.6
2016-11-14 00:00:00 UTC,704.257641045857,709.91,698.76
2016-11-15 00:00:00 UTC,712.924018257612,720.05,707.4
2016-11-16 00:00:00 UTC,725.466871965132,747.49,710.0
2016-11-17 00:00:00 UTC,747.70308591577,763.85,735.0
2016-11-18 00:00:00 UTC,746.926961265148,759.89,734.5
2016-11-19 00:00:00 UTC,751.33299527949,759.99,740.0
2016-11-20 00:00:00 UTC,742.633476328182,757.0,711.16
2016-11-21 00:00:00 UTC,735.746101128263,740.6,728.08
2016-11-22 00:00:00 UTC,743.099957671696,753.91,733.25
2016-11-23 00:00:00 UTC,742.366368254832,750.91,730.79
2016-11-24 00:00:00 UTC,737.223993800593,744.32,727.61
2016-11-25 00:00:00 UTC,733.859068818956,741.12,730.0
2016-11-26 00:00:00 UTC,732.886816373921,740.99,720.0
2016-11-27 00:00:00 UTC,730.417050094687,736.19,722.5
2016-11-28 00:00:00 UTC,731.255352105259,734.99,724.99
2016-11-29 00:00:00 UTC,731.861139893138,734.89,728.68
2016-11-30 00:00:00 UTC,737.416420126542,743.14,728.98
2016-12-01 00:00:00 UTC,750.053983911312,756.0,738.8
2016-12-02 00:00:00 UTC,770.237049015357,779.21,755.15
2016-12-03 00:00:00 UTC,765.838068879869,774.87,755.98
2016-12-04 00:00:00 UTC,765.206974560451,769.99,758.82
2016-12-05 00:00:00 UTC,754.600209151516,769.0,744.59
2016-12-06 00:00:00 UTC,755.52836252647,758.5,750.44
2016-12-07 00:00:00 UTC,761.021988054127,774.92,746.16
2016-12-08 00:00:00 UTC,767.985736058301,773.2,762.66
2016-12-09 00:00:00 UTC,769.539501601507,772.72,765.0
2016-12-10 00:00:00 UTC,773.759891014726,777.77,769.99
2016-12-11 00:00:00 UTC,767.240449863796,773.73,761.84
2016-12-12 00:00:00 UTC,775.635767567452,785.0,770.21
2016-12-13 00:00:00 UTC,778.527604262866,788.87,762.89
2016-12-14 00:00:00 UTC,777.561450649354,781.16,771.15
2016-12-15 00:00:00 UTC,777.626456441427,780.12,774.5
2016-12-16 00:00:00 UTC,781.76590672915,785.06,775.85
2016-12-17 00:00:00 UTC,789.349392646978,793.0,782.93
2016-12-18 00:00:00 UTC,789.508208092589,792.8,784.36
2016-12-19 00:00:00 UTC,790.253292515655,792.27,787.75
2016-12-20 00:00:00 UTC,791.956072895356,802.33,787.86
2016-12-21 00:00:00 UTC,812.733282435514,830.5,794.95
2016-12-22 00:00:00 UTC,854.966468393418,874.0,825.0
2016-12-23 00:00:00 UTC,898.324751826975,920.0,859.0
2016-12-24 00:00:00 UTC,902.205669025327,919.99,882.41
2016-12-25 00:00:00 UTC,879.206742915858,904.55,858.62
2016-12-26 00:00:00 UTC,905.918850177405,920.0,894.21
2016-12-27 00:00:00 UTC,921.809323591541,940.0,903.51
2016-12-28 00:00:00 UTC,959.987358011384,983.0,935.93
2016-12-29 00:00:00 UTC,971.460301576753,983.0,945.0
2016-12-30 00:00:00 UTC,954.121488325276,974.32,929.5
2016-12-31 00:00:00 UTC,957.009849344308,968.2,945.01
2017-01-01 00:00:00 UTC,979.219266303655,1006.5,961.26
2017-01-02 00:00:00 UTC,1017.82570898504,1035.0,994.1
2017-01-03 00:00:00 UTC,1023.25872990839,1040.0,1013.5
2017-01-04 00:00:00 UTC,1082.28109561401,1150.0,1036.4
2017-01-05 00:00:00 UTC,1048.98868243469,1166.0,850.79
2017-01-06 00:00:00 UTC,932.26649668217,1025.0,871.0
2017-01-07 00:00:00 UTC,873.503683170493,911.09,815.0
2017-01-08 00:00:00 UTC,918.898060566028,943.6,890.0
2017-01-09 00:00:00 UTC,896.678412999685,916.7,875.0
2017-01-10 00:00:00 UTC,907.419528508754,918.0,895.48
2017-01-11 00:00:00 UTC,847.429756099981,923.66,760.0
2017-01-12 00:00:00 UTC,784.788037652449,831.18,735.0
2017-01-13 00:00:00 UTC,806.672464971731,832.39,775.61
2017-01-14 00:00:00 UTC,825.103055689577,838.54,800.03
2017-01-15 00:00:00 UTC,814.632629930413,823.0,805.03
2017-01-16 00:00:00 UTC,826.766924754468,837.97,813.94
2017-01-17 00:00:00 UTC,875.653781201919,910.8,828.0
2017-01-18 00:00:00 UTC,883.685479369262,913.85,847.23
2017-01-19 00:00:00 UTC,894.949808247347,910.03,883.49
2017-01-20 00:00:00 UTC,896.182610115188,904.99,883.06
2017-01-21 00:00:00 UTC,919.145633031084,931.01,893.89
2017-01-22 00:00:00 UTC,924.099851868387,939.9,892.0
2017-01-23 00:00:00 UTC,919.776873513966,928.87,905.99
2017-01-24 00:00:00 UTC,905.564336952738,927.34,884.2
2017-01-25 00:00:00 UTC,892.64573373861,899.61,884.2
2017-01-26 00:00:00 UTC,906.153783588977,917.64,893.49
2017-01-27 00:00:00 UTC,915.984010330971,922.16,905.0
2017-01-28 00:00:00 UTC,919.25652501136,923.99,915.01
2017-01-29 00:00:00 UTC,918.288233772086,922.99,910.72
2017-01-30 00:00:00 UTC,916.756750086092,920.89,910.01
2017-01-31 00:00:00 UTC,940.580027076835,969.4,916.75
2017-02-01 00:00:00 UTC,969.785128063587,985.0,960.1
2017-02-02 00:00:00 UTC,990.458685344932,1010.6,970.1
2017-02-03 00:00:00 UTC,1010.66708202002,1020.5,986.11
2017-02-04 00:00:00 UTC,1017.08718196003,1040.0,1001.6
2017-02-05 00:00:00 UTC,1018.58793641593,1033.0,995.1
2017-02-06 00:00:00 UTC,1019.04567454317,1026.3,1006.0
2017-02-07 00:00:00 UTC,1041.84068822858,1056.4,1021.7
2017-02-08 00:00:00 UTC,1051.0449716473,1070.0,1006.5
2017-02-09 00:00:00 UTC,1021.38538152696,1078.0,936.34
2017-02-10 00:00:00 UTC,974.230386968579,1002.0,949.36
2017-02-11 00:00:00 UTC,1000.89922793588,1009.0,984.01
2017-02-12 00:00:00 UTC,997.951862313065,1005.8,992.33
2017-02-13 00:00:00 UTC,994.876142013276,1004.8,974.22
2017-02-14 00:00:00 UTC,1006.99629032522,1019.0,988.6
2017-02-15 00:00:00 UTC,1011.07589196208,1018.2,1002.3
2017-02-16 00:00:00 UTC,1029.9623532568,1045.8,1013.9
2017-02-17 00:00:00 UTC,1049.20342999159,1067.4,1033.1
2017-02-18 00:00:00 UTC,1064.15595276445,1071.1,1053.1
2017-02-19 00:00:00 UTC,1056.92167512319,1066.0,1045.0
2017-02-20 00:00:00 UTC,1059.31330763768,1110.0,1040.1
2017-02-21 00:00:00 UTC,1106.87621706706,1134.0,1085.0
2017-02-22 00:00:00 UTC,1122.95153913648,1140.0,1106.4
2017-02-23 00:00:00 UTC,1147.38559325574,1197.0,1116.5
2017-02-24 00:00:00 UTC,1187.77668968753,1222.4,1110.0
2017-02-25 00:00:00 UTC,1169.47617001135,1189.9,1131.3
2017-02-26 00:00:00 UTC,1166.3834002658,1186.1,1130.7
2017-02-27 00:00:00 UTC,1186.90744508583,1204.0,1170.0
2017-02-28 00:00:00 UTC,1193.34275212707,1216.0,1176.6
2017-03-01 00:00:00 UTC,1207.6125261494,1236.4,1186.0
2017-03-02 00:00:00 UTC,1240.64511332128,1285.9,1212.0
2017-03-03 00:00:00 UTC,1276.50178675836,1294.9,1256.0
2017-03-04 00:00:00 UTC,1275.1414635885,1291.9,1240.0
2017-03-05 00:00:00 UTC,1265.9388603913,1279.9,1245.0
2017-03-06 00:00:00 UTC,1278.98838193227,1287.8,1268.0
2017-03-07 00:00:00 UTC,1252.40105650134,1282.0,1185.0
2017-03-08 00:00:00 UTC,1196.138508177,1243.6,1142.1
2017-03-09 00:00:00 UTC,1176.81244531938,1207.6,1136.0
2017-03-10 00:00:00 UTC,1201.95461427568,1339.9,958.5
2017-03-11 00:00:00 UTC,1165.26354521983,1196.6,1101.2
2017-03-12 00:00:00 UTC,1193.40316104136,1232.7,1166.8
2017-03-13 00:00:00 UTC,1229.20185245155,1247.3,1206.7
2017-03-14 00:00:00 UTC,1239.98382831068,1258.8,1218.9
2017-03-15 00:00:00 UTC,1250.73783648453,1263.9,1241.0
2017-03-16 00:00:00 UTC,1217.20594782247,1259.7,1132.5
2017-03-17 00:00:00 UTC,1127.19793756157,1169.8,1065.0
2017-03-18 00:00:00 UTC,1029.70389085113,1097.9,935.11
2017-03-19 00:00:00 UTC,1010.59778305659,1059.0,969.4
2017-03-20 00:00:00 UTC,1035.16052968928,1054.2,1011.0
2017-03-21 00:00:00 UTC,1084.61758151665,1122.3,1039.0
2017-03-22 00:00:00 UTC,1053.6067855886,1116.0,985.55
2017-03-23 00:00:00 UTC,1037.46718662485,1055.0,1018.0
2017-03-24 00:00:00 UTC,991.621668338926,1034.6,928.0
2017-03-25 00:00:00 UTC,932.412124859081,981.0,888.2
2017-03-26 00:00:00 UTC,972.259978574995,1006.0,950.1
2017-03-27 00:00:00 UTC,1001.31926704892,1046.9,960.1
2017-03-28 00:00:00 UTC,1043.6021818512,1068.9,1016.2
2017-03-29 00:00:00 UTC,1035.64443890778,1059.0,1008.5
2017-03-30 00:00:00 UTC,1036.82041607136,1053.5,1021.2
2017-03-31 00:00:00 UTC,1059.00020007743,1089.4,1035.0
2017-04-01 00:00:00 UTC,1086.52331822117,1106.9,1070.0
2017-04-02 00:00:00 UTC,1095.52450964525,1118.2,1080.9
2017-04-03 00:00:00 UTC,1138.38063813335,1159.9,1107.5
2017-04-04 00:00:00 UTC,1143.69109327944,1165.6,1124.0
2017-04-05 00:00:00 UTC,1130.16443512035,1146.7,1111.2
2017-04-06 00:00:00 UTC,1170.34545218861,1206.4,1140.3
2017-04-07 00:00:00 UTC,1193.04800553995,1209.0,1176.7
2017-04-08 00:00:00 UTC,1191.83284795927,1202.9,1171.0
2017-04-09 00:00:00 UTC,1201.20434342969,1226.9,1179.4
2017-04-10 00:00:00 UTC,1218.49391543249,1229.9,1208.0
2017-04-11 00:00:00 UTC,1223.71340461987,1244.7,1209.1
2017-04-12 00:00:00 UTC,1230.80674453512,1244.3,1221.0
2017-04-13 00:00:00 UTC,1200.18239633696,1235.3,1163.3
2017-04-14 00:00:00 UTC,1201.65814886262,1219.2,1184.0
2017-04-15 00:00:00 UTC,1206.49141773165,1215.0,1190.0
2017-04-16 00:00:00 UTC,1207.19908769386,1217.6,1190.1
2017-04-17 00:00:00 UTC,1218.91695828253,1247.0,1202.0
2017-04-18 00:00:00 UTC,1259.85776124608,1274.8,1237.0
2017-04-19 00:00:00 UTC,1264.28882664222,1272.0,1254.3
2017-04-20 00:00:00 UTC,1280.88100659323,1326.9,1259.9
2017-04-21 00:00:00 UTC,1319.81323705768,1333.1,1307.0
2017-04-22 00:00:00 UTC,1322.4374859313,1354.9,1290.0
2017-04-23 00:00:00 UTC,1345.27346477438,1359.0,1336.0
2017-04-24 00:00:00 UTC,1342.54794951371,1359.6,1325.0
2017-04-25 00:00:00 UTC,1358.36889773905,1378.5,1342.1
2017-04-26 00:00:00 UTC,1387.55002602364,1411.7,1362.3
2017-04-27 00:00:00 UTC,1418.38137136692,1449.7,1392.5
2017-04-28 00:00:00 UTC,1407.72701437286,1447.0,1366.0
2017-04-29 00:00:00 UTC,1418.75190154665,1439.5,1400.1
2017-04-30 00:00:00 UTC,1422.59260735115,1443.7,1400.1
2017-05-01 00:00:00 UTC,1485.48315112269,1560.0,1432.0
2017-05-02 00:00:00 UTC,1554.63474748424,1604.6,1473.0
2017-05-03 00:00:00 UTC,1578.1804749543,1627.0,1541.9
2017-05-04 00:00:00 UTC,1620.56570497037,1702.0,1519.0
2017-05-05 00:00:00 UTC,1608.29632992863,1665.9,1505.0
2017-05-06 00:00:00 UTC,1576.43599060363,1605.1,1540.1
2017-05-07 00:00:00 UTC,1595.3762508185,1632.5,1575.1
2017-05-08 00:00:00 UTC,1665.43247246017,1715.0,1618.9
2017-05-09 00:00:00 UTC,1756.0748246387,1815.0,1695.1
2017-05-10 00:00:00 UTC,1772.35244786198,1817.4,1722.3
2017-05-11 00:00:00 UTC,1849.88756199497,1908.1,1763.6
2017-05-12 00:00:00 UTC,1807.3044441683,1864.8,1700.2
2017-05-13 00:00:00 UTC,1749.82483471831,1825.0,1666.0
2017-05-14 00:00:00 UTC,1819.33435375705,1852.4,1775.2
2017-05-15 00:00:00 UTC,1768.75890586667,1830.4,1719.0
2017-05-16 00:00:00 UTC,1766.09230601102,1795.1,1728.0
2017-05-17 00:00:00 UTC,1854.48915962636,1894.0,1766.3
2017-05-18 00:00:00 UTC,1898.23382523788,1954.6,1861.0
2017-05-19 00:00:00 UTC,1962.62691036731,2000.0,1925.0
2017-05-20 00:00:00 UTC,2002.20074863227,2072.2,1962.9
2017-05-21 00:00:00 UTC,2050.58555376082,2099.1,2000.1
2017-05-22 00:00:00 UTC,2126.70392664146,2222.2,1978.0
2017-05-23 00:00:00 UTC,2171.5048859846,2264.2,2060.0
2017-05-24 00:00:00 UTC,2339.17301677037,2444.9,2246.1
2017-05-25 00:00:00 UTC,2487.37551591657,2690.0,2141.1
2017-05-26 00:00:00 UTC,2310.38316869822,2477.0,2007.0
2017-05-27 00:00:00 UTC,1976.18482606754,2210.8,1810.0
2017-05-28 00:00:00 UTC,2064.98352064251,2194.4,1950.0
2017-05-29 00:00:00 UTC,2120.65517473184,2249.8,1990.0
2017-05-30 00:00:00 UTC,2201.08430825069,2265.0,2080.1
2017-05-31 00:00:00 UTC,2139.85552079277,2241.0,2000.0
2017-06-01 00:00:00 UTC,2291.39666135386,2368.2,2187.3
2017-06-02 00:00:00 UTC,2321.59721610838,2408.0,2262.8
2017-06-03 00:00:00 UTC,2419.348418588,2481.2,2347.6
2017-06-04 00:00:00 UTC,2459.51949917846,2498.0,2365.0
2017-06-05 00:00:00 UTC,2537.00858786968,2649.5,2480.0
2017-06-06 00:00:00 UTC,2791.15776440228,2899.7,2620.0
2017-06-07 00:00:00 UTC,2778.49252934208,2850.0,2600.1
2017-06-08 00:00:00 UTC,2715.4039049306,2789.5,2527.0
2017-06-09 00:00:00 UTC,2808.01915668762,2849.8,2763.9
2017-06-10 00:00:00 UTC,2827.14374810229,2890.5,2711.1
2017-06-11 00:00:00 UTC,2868.43828429404,3003.0,2793.4
2017-06-12 00:00:00 UTC,2720.313272568,2962.2,2284.4
2017-06-13 00:00:00 UTC,2642.36635657399,2730.0,2528.1
2017-06-14 00:00:00 UTC,2579.07930770209,2722.42278245,2280.0
2017-06-15 00:00:00 UTC,2296.0511474039,2455.0,2046.0
2017-06-16 00:00:00 UTC,2393.58101349961,2487.0,2257.8
2017-06-17 00:00:00 UTC,2516.43711404257,2636.9,2368.1
2017-06-18 00:00:00 UTC,2539.56585987663,2640.0,2420.0
2017-06-19 00:00:00 UTC,2543.48767298332,2593.9,2480.0
2017-06-20 00:00:00 UTC,2642.44564707074,2780.0,2568.2
2017-06-21 00:00:00 UTC,2682.26086271249,2760.0,2572.3
2017-06-22 00:00:00 UTC,2642.08121219776,2709.0,2554.8
2017-06-23 00:00:00 UTC,2689.91664726319,2726.0,2652.0
2017-06-24 00:00:00 UTC,2614.95529628334,2700.0,2452.86920686
2017-06-25 00:00:00 UTC,2513.75294328162,2595.0,2368.3
2017-06-26 00:00:00 UTC,2405.83561940318,2510.4,2258.7
2017-06-27 00:00:00 UTC,2366.54254691808,2524.0,2207.8
2017-06-28 00:00:00 UTC,2473.94436680563,2566.8,2403.2
2017-06-29 00:00:00 UTC,2497.53038821066,2537.8,2424.0
2017-06-30 00:00:00 UTC,2473.43000468888,2511.1,2404.0
2017-07-01 00:00:00 UTC,2384.56823434133,2441.0,2291.0
2017-07-02 00:00:00 UTC,2372.12450240581,2476.3,2302.0
2017-07-03 00:00:00 UTC,2486.25761120354,2587.4,2416.2
2017-07-04 00:00:00 UTC,2579.59689843077,2628.6,2511.0
2017-07-05 00:00:00 UTC,2547.60425922069,2619.0,2477.9
2017-07-06 00:00:00 UTC,2579.8625585039,2607.1,2546.0
2017-07-07 00:00:00 UTC,2519.49394337071,2598.8,2447.0
2017-07-08 00:00:00 UTC,2487.80416068707,2542.6,2436.1
2017-07-09 00:00:00 UTC,2521.2989713432,2555.7,2470.8
2017-07-10 00:00:00 UTC,2426.31150609404,2499.9,2236.6
2017-07-11 00:00:00 UTC,2302.60687294618,2375.0,2182.0
2017-07-12 00:00:00 UTC,2315.2090030111,2397.0,2190.0
2017-07-13 00:00:00 UTC,2344.59712822858,2400.0,2293.1
2017-07-14 00:00:00 UTC,2262.52941367031,2345.6,2138.0
2017-07-15 00:00:00 UTC,2070.81278349956,2210.1,1975.1
2017-07-16 00:00:00 UTC,1943.86396992086,2051.1,1826.2
2017-07-17 00:00:00 UTC,2056.09469133627,2223.5,1923.2
2017-07-18 00:00:00 UTC,2265.39317871368,2380.2,2139.0
2017-07-19 00:00:00 UTC,2304.69343227037,2400.0,2213.9
2017-07-20 00:00:00 UTC,2489.59134983527,2922.0,2253.3
2017-07-21 00:00:00 UTC,2720.8814581217,2890.0,2615.0
2017-07-22 00:00:00 UTC,2792.73007476684,2917.0,2642.8
2017-07-23 00:00:00 UTC,2774.75143344016,2877.5,2655.0
2017-07-24 00:00:00 UTC,2760.37253131646,2812.0,2707.1
2017-07-25 00:00:00 UTC,2622.38472440476,2790.1,2417.0
2017-07-26 00:00:00 UTC,2496.07339888521,2612.0,2404.0
2017-07-27 00:00:00 UTC,2568.67779114145,2682.2,2511.0
2017-07-28 00:00:00 UTC,2739.14955253637,2820.0,2655.5
2017-07-29 00:00:00 UTC,2720.08727899068,2794.2,2662.0
2017-07-30 00:00:00 UTC,2691.33550634124,2760.0,2582.9
2017-07-31 00:00:00 UTC,2767.3538961811,2883.5,2694.4
2017-08-01 00:00:00 UTC,2768.66473741504,2902.2,2604.0
2017-08-02 00:00:00 UTC,2712.14711693895,2758.0,2610.0
2017-08-03 00:00:00 UTC,2744.42774588176,2820.0,2698.0
2017-08-04 00:00:00 UTC,2826.00605942397,2876.0,2762.1
2017-08-05 00:00:00 UTC,3161.17218749958,3339.5,2853.3
2017-08-06 00:00:00 UTC,3237.76425957123,3315.5,3155.8
2017-08-07 00:00:00 UTC,3312.18885803492,3440.0,3190.0
2017-08-08 00:00:00 UTC,3416.81899265941,3483.8,3340.0
2017-08-09 00:00:00 UTC,3341.11435455023,3430.0,3235.1
2017-08-10 00:00:00 UTC,3388.64594658302,3447.0,3310.0
2017-08-11 00:00:00 UTC,3503.42046332309,3695.0,3380.0
2017-08-12 00:00:00 UTC,3761.84132012168,3970.1,3589.5
2017-08-13 00:00:00 UTC,4028.05529200069,4190.0,3834.2
2017-08-14 00:00:00 UTC,4171.72024544926,4330.3,3951.0
2017-08-15 00:00:00 UTC,4167.2560193188,4430.0,3832.5
2017-08-16 00:00:00 UTC,4171.41999633914,4405.0,3925.1
2017-08-17 00:00:00 UTC,4347.31829758775,4492.3,4152.0
2017-08-18 00:00:00 UTC,4216.3543980543,4360.0,3954.0
2017-08-19 00:00:00 UTC,4072.91890820045,4187.0,3907.0
2017-08-20 00:00:00 UTC,4107.88216497343,4199.9,3975.1
2017-08-21 00:00:00 UTC,4029.23381406519,4094.7,3951.0
2017-08-22 00:00:00 UTC,3913.40130173229,4141.9,3599.0
2017-08-23 00:00:00 UTC,4144.96772949429,4255.2,4045.0
2017-08-24 00:00:00 UTC,4195.50234927946,4381.0,4089.9
2017-08-25 00:00:00 UTC,4353.62636796094,4464.2,4250.0
2017-08-26 00:00:00 UTC,4307.14594289271,4364.0,4240.7
2017-08-27 00:00:00 UTC,4342.05983232798,4406.7,4304.4
2017-08-28 00:00:00 UTC,4303.90716807705,4395.5,4175.0
2017-08-29 00:00:00 UTC,4466.98262711562,4648.8,4325.1
2017-08-30 00:00:00 UTC,4573.59629994116,4643.0,4481.0
2017-08-31 00:00:00 UTC,4664.31697801499,4749.9,4566.9
2017-09-01 00:00:00 UTC,4787.78911911978,4936.9,4660.0
2017-09-02 00:00:00 UTC,4636.66524768163,4970.0,4400.1
2017-09-03 00:00:00 UTC,4547.2916356338,4699.9,4331.0
2017-09-04 00:00:00 UTC,4341.09397013862,4611.6,4052.0
2017-09-05 00:00:00 UTC,4205.45107866487,4471.0,3900.1
2017-09-06 00:00:00 UTC,4507.88403011469,4633.7,4352.4
2017-09-07 00:00:00 UTC,4576.96719931745,4675.0,4455.1
2017-09-08 00:00:00 UTC,4469.15336491088,4694.9,4105.0
2017-09-09 00:00:00 UTC,4287.39033415876,4395.2,4151.0
2017-09-10 00:00:00 UTC,4179.20373318324,4330.0,3974.1
2017-09-11 00:00:00 UTC,4216.16277670838,4383.2,4123.0
2017-09-12 00:00:00 UTC,4248.5006802659,4379.0,4050.0
2017-09-13 00:00:00 UTC,3924.81237201941,4160.0,3731.7
2017-09-14 00:00:00 UTC,3618.28416969719,3917.2,3204.7
2017-09-15 00:00:00 UTC,3406.65532392363,3809.0,2980.4
2017-09-16 00:00:00 UTC,3699.39484715391,3875.0,3511.1
2017-09-17 00:00:00 UTC,3640.07942577676,3782.0,3465.1
2017-09-18 00:00:00 UTC,3937.65953733949,4119.0,3666.9
2017-09-19 00:00:00 UTC,3955.81575315293,4114.0,3836.2
2017-09-20 00:00:00 UTC,3938.68975123199,4049.0,3829.0
2017-09-21 00:00:00 UTC,3780.23307188113,3905.0,3560.0
2017-09-22 00:00:00 UTC,3615.25502613614,3748.0,3490.0
2017-09-23 00:00:00 UTC,3713.82422923022,3808.7,3555.0
2017-09-24 00:00:00 UTC,3689.29344951659,3783.0,3615.5
2017-09-25 00:00:00 UTC,3823.42936664787,3977.0,3653.7
2017-09-26 00:00:00 UTC,3920.55969354153,3985.0,3838.0
2017-09-27 00:00:00 UTC,4045.79047198354,4229.5,3876.7
2017-09-28 00:00:00 UTC,4193.04914040791,4269.0,4120.0
2017-09-29 00:00:00 UTC,4152.8085987283,4245.0,4024.4
2017-09-30 00:00:00 UTC,4300.92676394997,4397.0,4160.0
2017-10-01 00:00:00 UTC,4326.19946730898,4424.0,4248.6
2017-10-02 00:00:00 UTC,4419.03950945122,4482.0,4359.0
2017-10-03 00:00:00 UTC,4312.9803066183,4439.9,4210.1
2017-10-04 00:00:00 UTC,4251.24221058466,4359.2,4174.3
2017-10-05 00:00:00 UTC,4257.18759140454,4372.3,4133.0
2017-10-06 00:00:00 UTC,4364.58818074439,4425.8,4282.2
2017-10-07 00:00:00 UTC,4359.20074092011,4505.0,4309.0
2017-10-08 00:00:00 UTC,4508.62728851537,4632.4,4416.3
2017-10-09 00:00:00 UTC,4655.70961347535,4879.8,4551.0
2017-10-10 00:00:00 UTC,4830.72783667732,4940.0,4716.4
2017-10-11 00:00:00 UTC,4800.11528278489,4881.4,4715.0
2017-10-12 00:00:00 UTC,5134.94426194544,5445.0,4815.0
2017-10-13 00:00:00 UTC,5642.62238262745,5920.0,5369.4
2017-10-14 00:00:00 UTC,5689.60837456903,5857.4,5564.3
2017-10-15 00:00:00 UTC,5634.19007105428,5877.0,5450.0
2017-10-16 00:00:00 UTC,5684.99232017673,5810.0,5570.0
2017-10-17 00:00:00 UTC,5619.44791690741,5779.0,5511.0
2017-10-18 00:00:00 UTC,5395.62855820994,5597.9,5114.0
2017-10-19 00:00:00 UTC,5650.14162552275,5744.0,5505.5
2017-10-20 00:00:00 UTC,5795.22269934722,6088.4,5603.3
2017-10-21 00:00:00 UTC,6072.1493999404,6199.9,5862.8
2017-10-22 00:00:00 UTC,5901.92704491492,6075.0,5705.0
2017-10-23 00:00:00 UTC,5869.78287696503,6055.0,5621.0
2017-10-24 00:00:00 UTC,5648.43355800747,5907.3,5457.4
2017-10-25 00:00:00 UTC,5535.76246510103,5746.9,5365.3
2017-10-26 00:00:00 UTC,5813.43540512982,5966.6,5667.5
2017-10-27 00:00:00 UTC,5818.14722050166,6020.0,5681.0
2017-10-28 00:00:00 UTC,5733.34439099094,5864.0,5632.0
2017-10-29 00:00:00 UTC,5882.48179857754,6345.0,5660.0
2017-10-30 00:00:00 UTC,6129.35669730441,6239.0,6006.2
2017-10-31 00:00:00 UTC,6247.69662314481,6481.5,6082.5
2017-11-01 00:00:00 UTC,6499.70898295055,6739.9,6344.5
2017-11-02 00:00:00 UTC,6940.88853648197,7350.0,6707.3
2017-11-03 00:00:00 UTC,7221.22876643325,7448.0,6917.0
2017-11-04 00:00:00 UTC,7236.55157206065,7530.0,6930.1
2017-11-05 00:00:00 UTC,7451.840691198,7598.0,7272.0
2017-11-06 00:00:00 UTC,7219.34135604102,7440.0,6911.0
2017-11-07 00:00:00 UTC,7086.69751122881,7220.0,6948.0
2017-11-08 00:00:00 UTC,7372.53623692309,7899.9,6977.4
2017-11-09 00:00:00 UTC,7220.44420208523,7450.0,7000.0
2017-11-10 00:00:00 UTC,6922.49912638771,7324.0,6405.0
2017-11-11 00:00:00 UTC,6502.37993370451,6789.0,6163.2
2017-11-12 00:00:00 UTC,6055.08166641732,6469.6,5400.2
2017-11-13 00:00:00 UTC,6278.89184030916,6682.0,5780.0
2017-11-14 00:00:00 UTC,6525.50735020262,6689.5,6301.0
2017-11-15 00:00:00 UTC,6998.43127990583,7319.0,6589.9
2017-11-16 00:00:00 UTC,7460.76220103001,8020.0,7091.0
2017-11-17 00:00:00 UTC,7827.08706699987,8040.0,7505.0
2017-11-18 00:00:00 UTC,7683.2785660558,7867.8,7412.0
2017-11-19 00:00:00 UTC,7840.0194944431,8130.0,7650.0
2017-11-20 00:00:00 UTC,8125.27586988804,8315.0,7925.0
2017-11-21 00:00:00 UTC,8173.83411536709,8380.0,7755.6
2017-11-22 00:00:00 UTC,8193.51759281831,8310.0,8055.0
2017-11-23 00:00:00 UTC,8168.59211976542,8268.0,7970.0
2017-11-24 00:00:00 UTC,8158.07674666584,8352.1,7871.0
2017-11-25 00:00:00 UTC,8476.48714599038,8770.0,8131.6
2017-11-26 00:00:00 UTC,9052.49792775609,9495.0,8746.9
2017-11-27 00:00:00 UTC,9598.19834430202,9771.0,9231.0
2017-11-28 00:00:00 UTC,9830.00414310196,9999.0,9580.8
2017-11-29 00:00:00 UTC,10382.0595478142,11441.0,9000.0
2017-11-30 00:00:00 UTC,9803.43185817506,10542.0,8801.0
2017-12-01 00:00:00 UTC,10166.768797408,10950.0,9370.1
2017-12-02 00:00:00 UTC,10925.7197755284,11190.0,10621.0
2017-12-03 00:00:00 UTC,11262.8898565816,11874.0,10161.0
2017-12-04 00:00:00 UTC,11319.6480898664,11599.0,10718.0
2017-12-05 00:00:00 UTC,11656.3185048907,11961.0,11405.0
2017-12-06 00:00:00 UTC,12526.3338957378,13599.0,11590.0
2017-12-07 00:00:00 UTC,14657.1604695507,16649.0,13139.0
2017-12-08 00:00:00 UTC,15412.350183115,17171.0,13722.0
2017-12-09 00:00:00 UTC,14799.7095338132,16300.0,13010.0
2017-12-10 00:00:00 UTC,14204.3476312837,15741.0,12730.63686141
2017-12-11 00:00:00 UTC,16372.7083099109,17450.0,14927.0
2017-12-12 00:00:00 UTC,16884.548789481,17579.0,16210.0
2017-12-13 00:00:00 UTC,16581.1674879874,17293.0,15632.0
2017-12-14 00:00:00 UTC,16375.5563537555,16999.0,15851.0
2017-12-15 00:00:00 UTC,17475.9459888052,18111.0,16349.0
2017-12-16 00:00:00 UTC,18210.8757613669,19550.0,17050.0
2017-12-17 00:00:00 UTC,19270.695592076,19891.0,18622.0
2017-12-18 00:00:00 UTC,18637.4135803546,19175.0,18010.0
2017-12-19 00:00:00 UTC,18117.5289459138,18987.0,16400.0
2017-12-20 00:00:00 UTC,16638.8993382491,17709.0,15500.0
2017-12-21 00:00:00 UTC,16150.8067544829,17333.0,14801.0
2017-12-22 00:00:00 UTC,13368.5090727171,15842.42999525,10700.0
2017-12-23 00:00:00 UTC,14168.5333140691,14999.0,12521.0
2017-12-24 00:00:00 UTC,12917.9894494268,14050.0,11600.0
2017-12-25 00:00:00 UTC,13548.3608651717,14278.0,12675.0
2017-12-26 00:00:00 UTC,15072.2569146565,16060.0,13531.0
2017-12-27 00:00:00 UTC,15578.3118618208,16494.0,14454.0
2017-12-28 00:00:00 UTC,14069.2123658197,15468.0,13145.0
2017-12-29 00:00:00 UTC,14453.1639681261,15131.0,13826.0
2017-12-30 00:00:00 UTC,12899.5035798431,14417.0,11651.0
2017-12-31 00:00:00 UTC,13223.393467395,14210.0,12166.0
2018-01-01 00:00:00 UTC,13362.4642494322,13893.0,12777.0
2018-01-02 00:00:00 UTC,13848.7442567703,15500.0,12795.0
2018-01-03 00:00:00 UTC,14946.1796599275,15428.83091885,14500.0
2018-01-04 00:00:00 UTC,14780.332284518,15422.15785315,14060.0
2018-01-05 00:00:00 UTC,15812.9876703723,17105.0,14725.0
2018-01-06 00:00:00 UTC,16689.852263266,17252.0,16251.0
2018-01-07 00:00:00 UTC,16514.5450209479,17178.0,15712.0
2018-01-08 00:00:00 UTC,15250.3568851263,16329.0,13755.0
2018-01-09 00:00:00 UTC,14834.4627880222,15355.0,14122.0
2018-01-10 00:00:00 UTC,14148.5374200098,14901.0,13300.0
2018-01-11 00:00:00 UTC,13657.6628177344,14999.0,12639.0
2018-01-12 00:00:00 UTC,13636.5179885184,14100.0,12751.0
2018-01-13 00:00:00 UTC,14213.4413925289,14580.0,13750.0
2018-01-14 00:00:00 UTC,13616.64627279,14393.0,12874.34212454
2018-01-15 00:00:00 UTC,13775.5625439858,14356.0,13300.0
2018-01-16 00:00:00 UTC,11952.9624162208,13617.0,9940.0
2018-01-17 00:00:00 UTC,10490.7414723347,11497.0,9231.1
2018-01-18 00:00:00 UTC,11305.3241390627,11904.0,10515.0
2018-01-19 00:00:00 UTC,11329.0054094671,11900.0,10647.0
2018-01-20 00:00:00 UTC,12428.3507007758,13017.0,11407.0
2018-01-21 00:00:00 UTC,11832.0413178259,12732.0,11015.0
2018-01-22 00:00:00 UTC,11077.9952180554,11900.0,10009.0
2018-01-23 00:00:00 UTC,10689.9673157263,11427.0,9900.0
2018-01-24 00:00:00 UTC,10994.298816706,11557.88958366,10430.0
2018-01-25 00:00:00 UTC,11287.773674182,11734.0,10845.0
2018-01-26 00:00:00 UTC,10991.3664108,11700.0,10276.0
2018-01-27 00:00:00 UTC,11252.3697828541,11689.0,10800.0
2018-01-28 00:00:00 UTC,11804.8328900792,12190.0,11390.0
2018-01-29 00:00:00 UTC,11386.2426843896,11975.0,11070.0
2018-01-30 00:00:00 UTC,10693.005756509,11250.0,9860.4
2018-01-31 00:00:00 UTC,10100.8961434075,10414.0,9760.0
2018-02-01 00:00:00 UTC,9645.02003434902,10336.0,8941.0
2018-02-02 00:00:00 UTC,8706.0969437084,9213.0,7960.0
2018-02-03 00:00:00 UTC,8958.75879865776,9499.0,8180.0
2018-02-04 00:00:00 UTC,8736.1212022307,9410.0,7809.0
2018-02-05 00:00:00 UTC,7644.69654262355,8380.0,6651.0
2018-02-06 00:00:00 UTC,6849.86796704536,7880.0,6000.0
2018-02-07 00:00:00 UTC,7869.77695568328,8488.9,7175.1
2018-02-08 00:00:00 UTC,8224.78212738221,8648.9,7565.0
2018-02-09 00:00:00 UTC,8264.86471683545,8750.0,7724.9
2018-02-10 00:00:00 UTC,8626.76827004084,9074.9,8151.3
2018-02-11 00:00:00 UTC,8190.12849925174,8570.0,7851.0
2018-02-12 00:00:00 UTC,8634.29978116897,9000.0,8069.57681296
2018-02-13 00:00:00 UTC,8602.9483396054,8952.9,8313.52192073
2018-02-14 00:00:00 UTC,9014.71622335727,9489.0,8512.1
2018-02-15 00:00:00 UTC,9778.23999115056,10176.0,9338.0
